image_id,assigned_rule_id,primary_class,deterministic_answer,sampled_answers,answer_agreement_rate,majority_sampled_answer,deterministic_matches_majority,top_region_overlap_score,object_region_overlap_score,temperature,n_reruns,object_presence_rate,object_centroid_distance
0000007,rule_1,ppe_violation,compliant,"[""compliant"", ""compliant"", ""compliant"", ""compliant"", ""compliant"", ""compliant"", ""compliant"", ""compliant"", ""compliant"", ""compliant""]",1.0,compliant,True,0.7946826341637488,0.36612087474932675,0.3,10,1.0,0.08171528588207903
0000007,rule_1,ppe_violation,compliant,"[""compliant"", ""compliant"", ""compliant"", ""compliant"", ""compliant"", ""violation"", ""compliant"", ""compliant"", ""compliant"", ""compliant""]",0.8,compliant,True,0.4102418301862345,0.3607385494877571,0.5,10,1.0,0.07924215742173221
0000007,rule_1,ppe_violation,compliant,"[""compliant"", ""compliant"", ""compliant"", ""compliant"", ""compliant"", ""compliant"", ""compliant"", ""compliant"", ""violation"", ""compliant""]",0.8,compliant,True,0.6185101385761377,0.4028818201880589,0.7,10,1.0,0.07075892405390534
0000007,rule_1,ppe_violation,compliant,"[""compliant"", ""compliant"", ""violation"", ""compliant"", ""compliant"", ""violation"", ""compliant"", ""compliant"", ""compliant"", ""compliant""]",0.6444444444444445,compliant,True,0.31118916880996617,0.23222400948220717,1.0,10,1.0,0.07983806187578274
0000022,rule_3,compliant,compliant,"[""compliant"", ""compliant"", ""compliant"", ""compliant"", ""compliant"", ""compliant"", ""compliant"", ""compliant"", ""compliant"", ""compliant""]",1.0,compliant,True,0.9950760547298999,0.9950760547298999,0.3,10,1.0,0.0016137504393114745
0000022,rule_3,compliant,compliant,"[""compliant"", ""compliant"", ""compliant"", ""compliant"", ""compliant"", ""compliant"", ""compliant"", ""compliant"", ""compliant"", ""compliant""]",1.0,compliant,True,0.6601544691194212,0.6601544691194212,0.5,10,1.0,0.0968978030896123
0000022,rule_3,compliant,compliant,"[""compliant"", ""compliant"", ""compliant"", ""compliant"", ""compliant"", ""compliant"", ""violation"", ""compliant"", ""compliant"", ""compliant""]",0.8,compliant,True,0.8970133507118725,0.8970133507118725,0.7,10,1.0,0.027442553939106377
0000022,rule_3,compliant,compliant,"[""violation"", ""compliant"", ""compliant"", ""compliant"", ""compliant"", ""compliant"", ""compliant"", ""compliant"", ""compliant"", ""compliant""]",0.8,compliant,True,0.603882583928486,0.603882583928486,1.0,10,1.0,0.11712852531435725
0000023,rule_1,compliant,compliant,"[""compliant"", ""compliant"", ""compliant"", ""compliant"", ""compliant"", ""compliant"", ""compliant"", ""compliant"", ""compliant"", ""compliant""]",1.0,compliant,True,0.5216850329523312,0.5216850329523312,0.3,10,1.0,0.07384876809798178
0000023,rule_1,compliant,compliant,"[""compliant"", ""compliant"", ""compliant"", ""compliant"", ""compliant"", ""compliant"", ""compliant"", ""compliant"", ""compliant"", ""compliant""]",1.0,compliant,True,0.41508780092898573,0.41508780092898573,0.5,10,1.0,0.07409920440391758
0000023,rule_1,compliant,compliant,"[""compliant"", ""compliant"", ""compliant"", ""compliant"", ""compliant"", ""compliant"", ""compliant"", ""compliant"", ""compliant"", ""compliant""]",1.0,compliant,True,0.2652357736278583,0.2652357736278583,0.7,10,1.0,0.17125091882190444
0000023,rule_1,compliant,compliant,"[""compliant"", ""compliant"", ""compliant"", ""compliant"", ""violation"", ""compliant"", ""compliant"", ""compliant"", ""compliant"", ""compliant""]",0.8,compliant,True,0.13651845294431672,0.11523644657998768,1.0,10,1.0,0.2085484827376665
0000034,rule_2,compliant,compliant,"[""compliant"", ""compliant"", ""compliant"", ""compliant"", ""compliant"", ""compliant"", ""compliant"", ""compliant"", ""compliant"", ""compliant""]",1.0,compliant,True,0.9856062883405627,0.7784780175095575,0.3,10,1.0,0.004509499257733434
0000034,rule_2,compliant,compliant,"[""compliant"", ""compliant"", ""compliant"", ""compliant"", ""compliant"", ""compliant"", ""compliant"", ""compliant"", ""compliant"", ""compliant""]",1.0,compliant,True,0.6370978932350965,0.5804029261434583,0.5,10,1.0,0.046344214612661756
0000034,rule_2,compliant,compliant,"[""compliant"", ""compliant"", ""compliant"", ""compliant"", ""compliant"", ""compliant"", ""compliant"", ""compliant"", ""compliant"", ""compliant""]",1.0,compliant,True,0.9689272589063647,0.6044520983151231,0.7,10,1.0,0.009886361186752318
0000034,rule_2,compliant,compliant,"[""compliant"", ""compliant"", ""compliant"", ""compliant"", ""compliant"", ""compliant"", ""compliant"", ""compliant"", ""compliant"", ""compliant""]",1.0,compliant,True,0.7749061488296541,0.30936079266411853,1.0,10,1.0,0.043495670038486936
0000037,rule_1,compliant,violation,"[""compliant"", ""violation"", ""compliant"", ""violation"", ""violation"", ""violation"", ""violation"", ""violation"", ""compliant"", ""compliant""]",0.4666666666666667,violation,True,0.9830388989047393,0.20719267364333394,0.3,10,1.0,0.25839194373141533
0000037,rule_1,compliant,violation,"[""violation"", ""violation"", ""compliant"", ""violation"", ""violation"", ""violation"", ""violation"", ""violation"", ""violation"", ""violation""]",0.8,violation,True,0.6263187117471694,0.17816706152919842,0.5,10,1.0,0.32733629674700465
0000037,rule_1,compliant,violation,"[""violation"", ""violation"", ""violation"", ""violation"", ""violation"", ""violation"", ""violation"", ""violation"", ""violation"", ""violation""]",1.0,violation,True,0.6073449611388766,0.10804306450650535,0.7,10,1.0,0.3498570038887506
0000037,rule_1,compliant,violation,"[""violation"", ""violation"", ""compliant"", ""compliant"", ""violation"", ""violation"", ""violation"", ""violation"", ""violation"", ""compliant""]",0.5333333333333333,violation,True,0.17925448007342662,0.07432915912878474,1.0,10,1.0,0.3251642638448904
0000057,rule_1,compliant,compliant,"[""compliant"", ""violation"", ""compliant"", ""violation"", ""violation"", ""compliant"", ""violation"", ""violation"", ""violation"", ""compliant""]",0.4666666666666667,violation,False,0.4487062325728054,0.21316587678913634,0.3,10,1.0,0.22182297485408556
0000057,rule_1,compliant,compliant,"[""compliant"", ""compliant"", ""violation"", ""violation"", ""violation"", ""violation"", ""violation"", ""compliant"", ""compliant"", ""compliant""]",0.4444444444444444,compliant,True,0.3361448307935301,0.12000973193799482,0.5,10,1.0,0.20077784832164047
0000057,rule_1,compliant,compliant,"[""compliant"", ""compliant"", ""violation"", ""violation"", ""compliant"", ""violation"", ""compliant"", ""violation"", ""violation"", ""compliant""]",0.4444444444444444,compliant,True,0.14155594744280472,0.08018894828969479,0.7,10,1.0,0.23918484843016224
0000057,rule_1,compliant,compliant,"[""violation"", ""compliant"", ""compliant"", ""compliant"", ""compliant"", ""violation"", ""violation"", ""violation"", ""violation"", ""compliant""]",0.4444444444444444,compliant,True,0.14886892859094797,0.09841899096015158,1.0,10,1.0,0.2179542557336838
0000069,rule_1,compliant,violation,"[""compliant"", ""violation"", ""violation"", ""violation"", ""violation"", ""compliant"", ""violation"", ""violation"", ""violation"", ""violation""]",0.6444444444444445,violation,True,0.7765093770658652,0.6660662059653788,0.3,10,1.0,0.023489257450161748
0000069,rule_1,compliant,violation,"[""violation"", ""violation"", ""violation"", ""violation"", ""violation"", ""compliant"", ""violation"", ""violation"", ""compliant"", ""violation""]",0.6444444444444445,violation,True,0.3741597333052843,0.3079269440913094,0.5,10,1.0,0.07270255365968717
0000069,rule_1,compliant,violation,"[""violation"", ""violation"", ""violation"", ""compliant"", ""violation"", ""compliant"", ""compliant"", ""violation"", ""compliant"", ""compliant""]",0.4444444444444444,compliant,False,0.17906079584585402,0.14953682320525724,0.7,10,1.0,0.10253485949771558
0000069,rule_1,compliant,violation,"[""compliant"", ""compliant"", ""violation"", ""violation"", ""compliant"", ""compliant"", ""compliant"", ""compliant"", ""compliant"", ""violation""]",0.5333333333333333,compliant,False,0.17674978742357697,0.09720699521752982,1.0,10,1.0,0.11331513408032684
0000074,rule_2,compliant,compliant,"[""compliant"", ""compliant"", ""compliant"", ""violation"", ""compliant"", ""compliant"", ""compliant"", ""compliant"", ""compliant"", ""compliant""]",0.8,compliant,True,0.707942948857507,0.4512570508138345,0.3,10,1.0,0.03208613774113315
0000074,rule_2,compliant,compliant,"[""compliant"", ""compliant"", ""compliant"", ""compliant"", ""violation"", ""compliant"", ""compliant"", ""compliant"", ""violation"", ""compliant""]",0.6444444444444445,compliant,True,0.6740248584484664,0.23505906309850494,0.5,10,1.0,0.05718208593195121
0000074,rule_2,compliant,compliant,"[""compliant"", ""compliant"", ""violation"", ""compliant"", ""violation"", ""compliant"", ""violation"", ""compliant"", ""compliant"", ""compliant""]",0.5333333333333333,compliant,True,0.5165474956803188,0.30737346796651527,0.7,10,1.0,0.06969775079782753
0000074,rule_2,compliant,compliant,"[""violation"", ""violation"", ""violation"", ""compliant"", ""compliant"", ""violation"", ""violation"", ""compliant"", ""violation"", ""violation""]",0.5333333333333333,violation,False,0.19065859008525796,0.1606675348177551,1.0,10,1.0,0.19106562033556918
0000079,rule_3,fall_hazard,compliant,"[""compliant"", ""compliant"", ""compliant"", ""compliant"", ""compliant"", ""compliant"", ""compliant"", ""compliant"", ""compliant"", ""compliant""]",1.0,compliant,True,0.9797248858639704,0.9797248858639704,0.3,10,1.0,0.0009666650842737269
0000079,rule_3,fall_hazard,compliant,"[""compliant"", ""compliant"", ""compliant"", ""compliant"", ""compliant"", ""compliant"", ""compliant"", ""compliant"", ""compliant"", ""compliant""]",1.0,compliant,True,0.9750360591572732,0.9750360591572732,0.5,10,1.0,0.003135236322203309
0000079,rule_3,fall_hazard,compliant,"[""compliant"", ""compliant"", ""compliant"", ""compliant"", ""compliant"", ""compliant"", ""compliant"", ""compliant"", ""compliant"", ""compliant""]",1.0,compliant,True,0.9386466960654374,0.9386466960654374,0.7,10,1.0,0.005371789328975849
0000079,rule_3,fall_hazard,compliant,"[""compliant"", ""compliant"", ""compliant"", ""compliant"", ""compliant"", ""compliant"", ""compliant"", ""compliant"", ""compliant"", ""compliant""]",1.0,compliant,True,0.9432522872520448,0.9432522872520448,1.0,10,1.0,0.0058648647359109286
0000081,rule_3,compliant,compliant,"[""compliant"", ""compliant"", ""compliant"", ""compliant"", ""compliant"", ""compliant"", ""compliant"", ""compliant"", ""compliant"", ""compliant""]",1.0,compliant,True,0.7945432069724261,0.7945432069724261,0.3,10,1.0,0.06790666447392216
0000081,rule_3,compliant,compliant,"[""compliant"", ""compliant"", ""compliant"", ""compliant"", ""compliant"", ""compliant"", ""compliant"", ""compliant"", ""compliant"", ""compliant""]",1.0,compliant,True,0.42165816406072404,0.42165816406072404,0.5,10,1.0,0.1759123761474095
0000081,rule_3,compliant,compliant,"[""compliant"", ""compliant"", ""compliant"", ""compliant"", ""compliant"", ""compliant"", ""compliant"", ""compliant"", ""compliant"", ""compliant""]",1.0,compliant,True,0.36584916959036784,0.36584916959036784,0.7,10,1.0,0.16744024195104712
0000081,rule_3,compliant,compliant,"[""compliant"", ""compliant"", ""compliant"", ""compliant"", ""compliant"", ""compliant"", ""compliant"", ""compliant"", ""compliant"", ""compliant""]",1.0,compliant,True,0.27369751124836134,0.27369751124836134,1.0,10,1.0,0.21069567431519245
0000102,rule_1,ppe_violation,compliant,"[""compliant"", ""compliant"", ""compliant"", ""compliant"", ""compliant"", ""compliant"", ""compliant"", ""compliant"", ""compliant"", ""compliant""]",1.0,compliant,True,0.9247168411558233,0.7791907575346835,0.3,10,1.0,0.0015283736333304798
0000102,rule_1,ppe_violation,compliant,"[""compliant"", ""compliant"", ""compliant"", ""compliant"", ""compliant"", ""compliant"", ""compliant"", ""compliant"", ""compliant"", ""compliant""]",1.0,compliant,True,0.8801915253492782,0.7336542654340645,0.5,10,1.0,0.0014246148561074176
0000102,rule_1,ppe_violation,compliant,"[""compliant"", ""compliant"", ""compliant"", ""compliant"", ""compliant"", ""compliant"", ""compliant"", ""compliant"", ""compliant"", ""compliant""]",1.0,compliant,True,0.849956315127484,0.7313621358698674,0.7,10,1.0,0.001744303218844538
0000102,rule_1,ppe_violation,compliant,"[""compliant"", ""compliant"", ""compliant"", ""compliant"", ""compliant"", ""compliant"", ""compliant"", ""compliant"", ""compliant"", ""compliant""]",1.0,compliant,True,0.530397168906732,0.5077152101298945,1.0,10,1.0,0.01708780836174596
0000116,rule_1,ppe_violation,compliant,"[""compliant"", ""compliant"", ""compliant"", ""compliant"", ""compliant"", ""compliant"", ""compliant"", ""compliant"", ""compliant"", ""compliant""]",1.0,compliant,True,0.9891152657810858,0.4070486087145072,0.3,10,1.0,0.11995629187745423
0000116,rule_1,ppe_violation,compliant,"[""compliant"", ""compliant"", ""violation"", ""compliant"", ""violation"", ""compliant"", ""compliant"", ""violation"", ""compliant"", ""compliant""]",0.5333333333333333,compliant,True,0.5632266689144108,0.21140335632777668,0.5,10,1.0,0.13092769509262323
0000116,rule_1,ppe_violation,compliant,"[""compliant"", ""compliant"", ""compliant"", ""violation"", ""compliant"", ""violation"", ""violation"", ""compliant"", ""compliant"", ""compliant""]",0.5333333333333333,compliant,True,0.3779853912953859,0.13210033032778287,0.7,10,1.0,0.14779196183991147
0000116,rule_1,ppe_violation,compliant,"[""compliant"", ""compliant"", ""compliant"", ""compliant"", ""compliant"", ""violation"", ""compliant"", ""compliant"", ""compliant"", ""violation""]",0.6444444444444445,compliant,True,0.41786759343468205,0.19918639252015222,1.0,10,1.0,0.12431934548973043
0000117,rule_3,fall_hazard,compliant,"[""compliant"", ""compliant"", ""compliant"", ""compliant"", ""compliant"", ""compliant"", ""compliant"", ""compliant"", ""compliant"", ""compliant""]",1.0,compliant,True,0.9003263335369984,0.9003263335369984,0.3,10,1.0,0.029038361851136237
0000117,rule_3,fall_hazard,compliant,"[""compliant"", ""compliant"", ""compliant"", ""compliant"", ""compliant"", ""compliant"", ""compliant"", ""compliant"", ""compliant"", ""compliant""]",1.0,compliant,True,0.840830182432314,0.840830182432314,0.5,10,1.0,0.043018492489858284
0000117,rule_3,fall_hazard,compliant,"[""compliant"", ""compliant"", ""compliant"", ""compliant"", ""compliant"", ""compliant"", ""compliant"", ""compliant"", ""compliant"", ""compliant""]",1.0,compliant,True,0.961278100955545,0.961278100955545,0.7,10,1.0,0.007527127965998909
0000117,rule_3,fall_hazard,compliant,"[""compliant"", ""compliant"", ""compliant"", ""compliant"", ""compliant"", ""compliant"", ""compliant"", ""compliant"", ""compliant"", ""compliant""]",1.0,compliant,True,0.8712025745150012,0.8712025745150012,1.0,10,1.0,0.025215900315115274
0000120,rule_4,struck_by_risk,hazard,"[""hazard"", ""hazard"", ""hazard"", ""hazard"", ""hazard"", ""hazard"", ""hazard"", ""hazard"", ""hazard"", ""hazard""]",1.0,hazard,True,0.9872770707170014,0.9872770707170014,0.3,10,1.0,0.0008888018109082698
0000120,rule_4,struck_by_risk,hazard,"[""hazard"", ""hazard"", ""hazard"", ""hazard"", ""hazard"", ""hazard"", ""hazard"", ""hazard"", ""hazard"", ""hazard""]",1.0,hazard,True,0.9819151879673271,0.9819151879673271,0.5,10,1.0,0.0010851713193132735
0000120,rule_4,struck_by_risk,hazard,"[""hazard"", ""hazard"", ""hazard"", ""hazard"", ""hazard"", ""hazard"", ""hazard"", ""hazard"", ""hazard"", ""hazard""]",1.0,hazard,True,0.9795569928751828,0.9795569928751828,0.7,10,1.0,0.0011941299577612264
0000120,rule_4,struck_by_risk,hazard,"[""hazard"", ""hazard"", ""hazard"", ""hazard"", ""hazard"", ""hazard"", ""hazard"", ""hazard"", ""hazard"", ""hazard""]",1.0,hazard,True,0.9767082724612616,0.9779743585952533,1.0,10,1.0,0.0015317769789366914
0000124,rule_2,compliant,violation,"[""violation"", ""violation"", ""violation"", ""violation"", ""violation"", ""violation"", ""violation"", ""violation"", ""violation"", ""violation""]",1.0,violation,True,0.9885455082426208,0.9710420736191814,0.3,10,1.0,0.0007268592872026766
0000124,rule_2,compliant,violation,"[""violation"", ""violation"", ""violation"", ""violation"", ""violation"", ""violation"", ""violation"", ""violation"", ""violation"", ""violation""]",1.0,violation,True,0.9769631957079781,0.9663131048188701,0.5,10,1.0,0.0010846778423345292
0000124,rule_2,compliant,violation,"[""violation"", ""compliant"", ""violation"", ""violation"", ""violation"", ""violation"", ""compliant"", ""compliant"", ""compliant"", ""violation""]",0.4666666666666667,violation,True,0.5163361417534826,0.7580537843779809,0.7,10,1.0,0.06943687499562719
0000124,rule_2,compliant,violation,"[""violation"", ""violation"", ""compliant"", ""compliant"", ""compliant"", ""compliant"", ""compliant"", ""violation"", ""violation"", ""violation""]",0.4444444444444444,compliant,False,0.42014778380607887,0.7378538841732135,1.0,10,1.0,0.06995514389678176
0000129,rule_1,compliant,violation,"[""compliant"", ""violation"", ""compliant"", ""violation"", ""violation"", ""violation"", ""violation"", ""violation"", ""violation"", ""violation""]",0.6444444444444445,violation,True,0.9935581388033597,0.1917395757868142,0.3,10,1.0,0.3183922031760941
0000129,rule_1,compliant,violation,"[""violation"", ""compliant"", ""compliant"", ""compliant"", ""compliant"", ""violation"", ""violation"", ""compliant"", ""violation"", ""violation""]",0.4444444444444444,compliant,False,0.9910471206777862,0.16362169903001608,0.5,10,1.0,0.1447957508330677
0000129,rule_1,compliant,violation,"[""violation"", ""violation"", ""violation"", ""compliant"", ""compliant"", ""compliant"", ""violation"", ""violation"", ""violation"", ""violation""]",0.5333333333333333,violation,True,0.9904559005195853,0.0918132475177976,0.7,10,1.0,0.2703654736704608
0000129,rule_1,compliant,violation,"[""violation"", ""compliant"", ""violation"", ""compliant"", ""violation"", ""violation"", ""violation"", ""violation"", ""violation"", ""violation""]",0.6444444444444445,violation,True,0.17719460334646972,0.16289335855096715,1.0,10,1.0,0.10789463999679406
0000149,rule_2,fall_hazard,compliant,"[""compliant"", ""compliant"", ""compliant"", ""compliant"", ""compliant"", ""compliant"", ""compliant"", ""compliant"", ""compliant"", ""compliant""]",1.0,compliant,True,0.8358186837220002,0.8395128047822782,0.3,10,1.0,0.004247863337586921
0000149,rule_2,fall_hazard,compliant,"[""compliant"", ""compliant"", ""compliant"", ""compliant"", ""compliant"", ""compliant"", ""compliant"", ""compliant"", ""compliant"", ""compliant""]",1.0,compliant,True,0.9257444682448834,0.8486455221970591,0.5,10,1.0,0.0037010202442285707
0000149,rule_2,fall_hazard,compliant,"[""compliant"", ""compliant"", ""compliant"", ""compliant"", ""compliant"", ""compliant"", ""compliant"", ""compliant"", ""compliant"", ""compliant""]",1.0,compliant,True,0.7426589142701289,0.7553988240175531,0.7,10,1.0,0.004818982785808876
0000149,rule_2,fall_hazard,compliant,"[""compliant"", ""compliant"", ""compliant"", ""compliant"", ""compliant"", ""compliant"", ""compliant"", ""compliant"", ""compliant"", ""compliant""]",1.0,compliant,True,0.8315067160090962,0.6907479803693913,1.0,10,1.0,0.00668297455466987
0000183,rule_1,compliant,violation,"[""compliant"", ""compliant"", ""violation"", ""violation"", ""violation"", ""violation"", ""compliant"", ""compliant"", ""violation"", ""compliant""]",0.4444444444444444,compliant,False,0.3433009064311543,0.3463401739223962,0.3,10,1.0,0.08620768011593927
0000183,rule_1,compliant,violation,"[""violation"", ""violation"", ""compliant"", ""compliant"", ""compliant"", ""violation"", ""violation"", ""violation"", ""compliant"", ""compliant""]",0.4444444444444444,compliant,False,0.4712509910958429,0.37018695602091334,0.5,10,1.0,0.07573130719028054
0000183,rule_1,compliant,violation,"[""compliant"", ""compliant"", ""compliant"", ""compliant"", ""compliant"", ""violation"", ""violation"", ""violation"", ""compliant"", ""compliant""]",0.5333333333333333,compliant,False,0.39225328928237,0.30522155376407484,0.7,10,1.0,0.08943052650376794
0000183,rule_1,compliant,violation,"[""violation"", ""compliant"", ""violation"", ""violation"", ""violation"", ""violation"", ""compliant"", ""compliant"", ""violation"", ""compliant""]",0.4666666666666667,violation,True,0.2738801971431919,0.22907992096238444,1.0,10,1.0,0.08675424009437714
0000203,rule_3,fall_hazard,violation,"[""violation"", ""compliant"", ""violation"", ""compliant"", ""compliant"", ""compliant"", ""compliant"", ""violation"", ""violation"", ""compliant""]",0.4666666666666667,compliant,False,0.7169139633472761,0.7169139633472761,0.3,10,1.0,0.058819906928194984
0000203,rule_3,fall_hazard,violation,"[""violation"", ""violation"", ""compliant"", ""violation"", ""violation"", ""compliant"", ""violation"", ""violation"", ""violation"", ""compliant""]",0.5333333333333333,violation,True,0.4031884336771254,0.4031884336771254,0.5,10,1.0,0.16182456479064683
0000203,rule_3,fall_hazard,violation,"[""compliant"", ""violation"", ""compliant"", ""compliant"", ""compliant"", ""compliant"", ""violation"", ""compliant"", ""violation"", ""compliant""]",0.5333333333333333,compliant,False,0.41018721291430144,0.5465605509735976,0.7,10,1.0,0.12061718421056654
0000203,rule_3,fall_hazard,violation,"[""violation"", ""violation"", ""compliant"", ""violation"", ""violation"", ""violation"", ""violation"", ""violation"", ""compliant"", ""violation""]",0.6444444444444445,violation,True,0.20526830385703013,0.2899044141505157,1.0,10,1.0,0.18919397157516113
0000204,rule_1,compliant,compliant,"[""compliant"", ""compliant"", ""compliant"", ""compliant"", ""compliant"", ""compliant"", ""compliant"", ""compliant"", ""compliant"", ""compliant""]",1.0,compliant,True,0.8020648854180106,0.8020648854180106,0.3,10,1.0,0.05618214787907269
0000204,rule_1,compliant,compliant,"[""compliant"", ""compliant"", ""compliant"", ""compliant"", ""compliant"", ""compliant"", ""compliant"", ""compliant"", ""compliant"", ""compliant""]",1.0,compliant,True,0.46844730019715386,0.46844730019715386,0.5,10,1.0,0.15317697614253678
0000204,rule_1,compliant,compliant,"[""compliant"", ""compliant"", ""compliant"", ""compliant"", ""compliant"", ""compliant"", ""compliant"", ""compliant"", ""compliant"", ""compliant""]",1.0,compliant,True,0.5012307546557874,0.5012307546557874,0.7,10,1.0,0.14791156997284913
0000204,rule_1,compliant,compliant,"[""compliant"", ""compliant"", ""compliant"", ""compliant"", ""compliant"", ""compliant"", ""compliant"", ""compliant"", ""compliant"", ""compliant""]",1.0,compliant,True,0.27726796834521467,0.2491814838401188,1.0,10,1.0,0.19832366715002714
0000205,rule_4,compliant,hazard,"[""hazard"", ""hazard"", ""hazard"", ""hazard"", ""hazard"", ""hazard"", ""hazard"", ""hazard"", ""hazard"", ""hazard""]",1.0,hazard,True,0.9945445243774949,0.9945445243774949,0.3,10,1.0,0.0014129249384589907
0000205,rule_4,compliant,hazard,"[""hazard"", ""hazard"", ""hazard"", ""hazard"", ""hazard"", ""hazard"", ""hazard"", ""hazard"", ""hazard"", ""hazard""]",1.0,hazard,True,0.9893555845540936,0.9893555845540936,0.5,10,1.0,0.002810395884027372
0000205,rule_4,compliant,hazard,"[""hazard"", ""hazard"", ""hazard"", ""hazard"", ""hazard"", ""hazard"", ""hazard"", ""hazard"", ""hazard"", ""hazard""]",1.0,hazard,True,0.9938095082481234,0.9938095082481234,0.7,10,1.0,0.0013785686564612666
0000205,rule_4,compliant,hazard,"[""hazard"", ""hazard"", ""hazard"", ""hazard"", ""hazard"", ""hazard"", ""hazard"", ""hazard"", ""hazard"", ""hazard""]",1.0,hazard,True,0.7552959510522486,0.7552959510522486,1.0,10,1.0,0.07862909583870346
0000229,rule_1,ppe_violation,compliant,"[""compliant"", ""compliant"", ""compliant"", ""compliant"", ""compliant"", ""compliant"", ""violation"", ""compliant"", ""violation"", ""compliant""]",0.6444444444444445,compliant,True,0.9526642345308928,0.5240788371979284,0.3,10,1.0,0.06078505194264938
0000229,rule_1,ppe_violation,compliant,"[""compliant"", ""violation"", ""compliant"", ""violation"", ""violation"", ""violation"", ""compliant"", ""violation"", ""violation"", ""compliant""]",0.4666666666666667,violation,False,0.9331944533312014,0.35738005267523365,0.5,10,1.0,0.09078303821095748
0000229,rule_1,ppe_violation,compliant,"[""compliant"", ""compliant"", ""compliant"", ""compliant"", ""violation"", ""violation"", ""violation"", ""compliant"", ""compliant"", ""violation""]",0.4666666666666667,compliant,True,0.9345817678518743,0.3115861559812902,0.7,10,1.0,0.09518218850425997
0000229,rule_1,ppe_violation,compliant,"[""compliant"", ""compliant"", ""compliant"", ""violation"", ""compliant"", ""violation"", ""violation"", ""compliant"", ""compliant"", ""violation""]",0.4666666666666667,compliant,True,0.5729155997056921,0.16682549449699666,1.0,10,1.0,0.14652728586831365
0000233,rule_1,ppe_violation,violation,"[""violation"", ""compliant"", ""compliant"", ""violation"", ""violation"", ""violation"", ""violation"", ""violation"", ""violation"", ""compliant""]",0.5333333333333333,violation,True,0.2471232336199701,0.550968160558586,0.3,10,1.0,0.08638887662361171
0000233,rule_1,ppe_violation,violation,"[""violation"", ""violation"", ""violation"", ""compliant"", ""compliant"", ""violation"", ""violation"", ""compliant"", ""violation"", ""violation""]",0.5333333333333333,violation,True,0.46311730902618353,0.3987107136190701,0.5,10,1.0,0.15324154842156995
0000233,rule_1,ppe_violation,violation,"[""violation"", ""violation"", ""violation"", ""violation"", ""violation"", ""violation"", ""violation"", ""compliant"", ""compliant"", ""violation""]",0.6444444444444445,violation,True,0.2787079057104846,0.47829319305683016,0.7,10,1.0,0.0857297525662761
0000233,rule_1,ppe_violation,violation,"[""compliant"", ""compliant"", ""compliant"", ""compliant"", ""violation"", ""compliant"", ""violation"", ""violation"", ""violation"", ""compliant""]",0.4666666666666667,compliant,False,0.24865992680137486,0.21006345886346867,1.0,10,1.0,0.24740259745630477
0000253,rule_3,fall_hazard,violation,"[""violation"", ""violation"", ""violation"", ""violation"", ""violation"", ""violation"", ""violation"", ""violation"", ""violation"", ""violation""]",1.0,violation,True,,,0.3,10,0.0,
0000253,rule_3,fall_hazard,violation,"[""violation"", ""violation"", ""violation"", ""violation"", ""violation"", ""violation"", ""violation"", ""violation"", ""violation"", ""violation""]",1.0,violation,True,,,0.5,10,0.0,
0000253,rule_3,fall_hazard,violation,"[""violation"", ""violation"", ""violation"", ""violation"", ""violation"", ""violation"", ""violation"", ""violation"", ""violation"", ""violation""]",1.0,violation,True,,,0.7,10,0.0,
0000253,rule_3,fall_hazard,violation,"[""violation"", ""violation"", ""violation"", ""violation"", ""violation"", ""violation"", ""violation"", ""violation"", ""violation"", ""violation""]",1.0,violation,True,,,1.0,10,0.0,
0000254,rule_3,compliant,compliant,"[""compliant"", ""compliant"", ""compliant"", ""compliant"", ""compliant"", ""compliant"", ""compliant"", ""compliant"", ""compliant"", ""compliant""]",1.0,compliant,True,0.974559152940981,0.974559152940981,0.3,10,1.0,0.005968506156982327
0000254,rule_3,compliant,compliant,"[""compliant"", ""compliant"", ""compliant"", ""compliant"", ""compliant"", ""compliant"", ""compliant"", ""compliant"", ""compliant"", ""compliant""]",1.0,compliant,True,0.8662614838045499,0.8662614838045499,0.5,10,1.0,0.04493844104638019
0000254,rule_3,compliant,compliant,"[""compliant"", ""compliant"", ""compliant"", ""compliant"", ""compliant"", ""compliant"", ""compliant"", ""compliant"", ""compliant"", ""compliant""]",1.0,compliant,True,0.8260451055518202,0.8260451055518202,0.7,10,1.0,0.0566786352829306
0000254,rule_3,compliant,compliant,"[""compliant"", ""compliant"", ""compliant"", ""compliant"", ""compliant"", ""compliant"", ""compliant"", ""compliant"", ""compliant"", ""compliant""]",1.0,compliant,True,0.7621221406366505,0.7621221406366505,1.0,10,1.0,0.07677561947860333
0000280,rule_2,compliant,compliant,"[""compliant"", ""compliant"", ""compliant"", ""compliant"", ""compliant"", ""compliant"", ""compliant"", ""compliant"", ""compliant"", ""compliant""]",1.0,compliant,True,0.9905100458572095,0.9905100458572095,0.3,10,1.0,0.0008071786309382118
0000280,rule_2,compliant,compliant,"[""compliant"", ""compliant"", ""compliant"", ""compliant"", ""compliant"", ""compliant"", ""compliant"", ""compliant"", ""compliant"", ""compliant""]",1.0,compliant,True,0.9863290471078096,0.9863290471078096,0.5,10,1.0,0.0012059420305792971
0000280,rule_2,compliant,compliant,"[""compliant"", ""compliant"", ""compliant"", ""compliant"", ""compliant"", ""compliant"", ""compliant"", ""compliant"", ""compliant"", ""compliant""]",1.0,compliant,True,0.9824306386651346,0.9824306386651346,0.7,10,1.0,0.0016454887094886773
0000280,rule_2,compliant,compliant,"[""compliant"", ""compliant"", ""compliant"", ""compliant"", ""compliant"", ""compliant"", ""compliant"", ""compliant"", ""compliant"", ""compliant""]",1.0,compliant,True,0.7749933533970482,0.7746540650100092,1.0,10,1.0,0.03532577394691802
0000288,rule_2,compliant,compliant,"[""compliant"", ""compliant"", ""compliant"", ""compliant"", ""compliant"", ""compliant"", ""compliant"", ""compliant"", ""compliant"", ""compliant""]",1.0,compliant,True,0.9914847957379211,0.9926176810244802,0.3,10,1.0,0.0006843639048842529
0000288,rule_2,compliant,compliant,"[""compliant"", ""compliant"", ""compliant"", ""compliant"", ""compliant"", ""compliant"", ""compliant"", ""compliant"", ""compliant"", ""compliant""]",1.0,compliant,True,0.9870826089923355,0.9879997278353403,0.5,10,1.0,0.0009801322179616733
0000288,rule_2,compliant,compliant,"[""compliant"", ""compliant"", ""compliant"", ""compliant"", ""compliant"", ""compliant"", ""compliant"", ""compliant"", ""compliant"", ""compliant""]",1.0,compliant,True,0.9317313307977816,0.8346709485595718,0.7,10,1.0,0.017265182409029467
0000288,rule_2,compliant,compliant,"[""compliant"", ""compliant"", ""compliant"", ""compliant"", ""compliant"", ""compliant"", ""compliant"", ""compliant"", ""compliant"", ""compliant""]",1.0,compliant,True,0.749402956204276,0.5878843761539848,1.0,10,1.0,0.04354910884257741
0000325,rule_4,compliant,safe,"[""safe"", ""safe"", ""safe"", ""safe"", ""safe"", ""safe"", ""safe"", ""safe"", ""safe"", ""safe""]",1.0,safe,True,0.9871366361979775,0.9871366361979775,0.3,10,1.0,0.0007435341340895888
0000325,rule_4,compliant,safe,"[""safe"", ""safe"", ""safe"", ""safe"", ""safe"", ""safe"", ""safe"", ""safe"", ""safe"", ""safe""]",1.0,safe,True,0.9871363235199836,0.9871363235199836,0.5,10,1.0,0.0007009220020406644
0000325,rule_4,compliant,safe,"[""safe"", ""safe"", ""safe"", ""safe"", ""safe"", ""safe"", ""safe"", ""safe"", ""safe"", ""safe""]",1.0,safe,True,0.9796511792513047,0.9796511792513047,0.7,10,1.0,0.001133120864035622
0000325,rule_4,compliant,safe,"[""safe"", ""safe"", ""safe"", ""safe"", ""safe"", ""safe"", ""safe"", ""safe"", ""safe"", ""hazard""]",0.8,safe,True,0.9690083111309573,0.9682488009089705,1.0,10,1.0,0.0016399906959255705
0000327,rule_4,struck_by_risk,hazard,"[""hazard"", ""hazard"", ""hazard"", ""hazard"", ""hazard"", ""hazard"", ""hazard"", ""hazard"", ""hazard"", ""hazard""]",1.0,hazard,True,0.9930844936089318,0.9930844936089318,0.3,10,1.0,0.0008897676417759174
0000327,rule_4,struck_by_risk,hazard,"[""hazard"", ""hazard"", ""hazard"", ""hazard"", ""hazard"", ""hazard"", ""hazard"", ""hazard"", ""hazard"", ""hazard""]",1.0,hazard,True,0.9916397473486652,0.9916397473486652,0.5,10,1.0,0.0010469460738673317
0000327,rule_4,struck_by_risk,hazard,"[""hazard"", ""hazard"", ""hazard"", ""hazard"", ""hazard"", ""hazard"", ""hazard"", ""hazard"", ""hazard"", ""hazard""]",1.0,hazard,True,0.9899765978437295,0.9899765978437295,0.7,10,1.0,0.0010853315535938666
0000327,rule_4,struck_by_risk,hazard,"[""hazard"", ""hazard"", ""hazard"", ""hazard"", ""hazard"", ""hazard"", ""hazard"", ""hazard"", ""hazard"", ""hazard""]",1.0,hazard,True,0.9888612083894496,0.9888612083894496,1.0,10,1.0,0.0013102680651965305
0000331,rule_4,struck_by_risk,hazard,"[""hazard"", ""hazard"", ""hazard"", ""hazard"", ""hazard"", ""hazard"", ""hazard"", ""hazard"", ""hazard"", ""hazard""]",1.0,hazard,True,0.9950087456459616,0.9950087456459616,0.3,10,1.0,0.0006482993728574701
0000331,rule_4,struck_by_risk,hazard,"[""hazard"", ""hazard"", ""hazard"", ""hazard"", ""hazard"", ""hazard"", ""hazard"", ""hazard"", ""hazard"", ""hazard""]",1.0,hazard,True,0.9926493024192028,0.9926493024192028,0.5,10,1.0,0.0007903062228111586
0000331,rule_4,struck_by_risk,hazard,"[""hazard"", ""hazard"", ""hazard"", ""hazard"", ""hazard"", ""hazard"", ""hazard"", ""hazard"", ""hazard"", ""hazard""]",1.0,hazard,True,0.9900279956134616,0.9900279956134616,0.7,10,1.0,0.0012460765134498614
0000331,rule_4,struck_by_risk,hazard,"[""hazard"", ""hazard"", ""hazard"", ""hazard"", ""hazard"", ""hazard"", ""hazard"", ""hazard"", ""hazard"", ""hazard""]",1.0,hazard,True,0.9918029050819407,0.9918029050819407,1.0,10,1.0,0.0008849436393662291
0000332,rule_2,fall_hazard,compliant,"[""compliant"", ""compliant"", ""compliant"", ""compliant"", ""compliant"", ""compliant"", ""compliant"", ""compliant"", ""compliant"", ""compliant""]",1.0,compliant,True,0.9815322350402573,0.6079370987841479,0.3,10,1.0,0.03131131298714151
0000332,rule_2,fall_hazard,compliant,"[""compliant"", ""compliant"", ""compliant"", ""compliant"", ""compliant"", ""compliant"", ""compliant"", ""compliant"", ""compliant"", ""compliant""]",1.0,compliant,True,0.9674283202979818,0.47433865026779226,0.5,10,1.0,0.03257200528012617
0000332,rule_2,fall_hazard,compliant,"[""compliant"", ""compliant"", ""compliant"", ""compliant"", ""compliant"", ""compliant"", ""compliant"", ""compliant"", ""compliant"", ""compliant""]",1.0,compliant,True,0.926181018778431,0.3388854453115657,0.7,10,1.0,0.04932302944999023
0000332,rule_2,fall_hazard,compliant,"[""compliant"", ""compliant"", ""compliant"", ""compliant"", ""compliant"", ""compliant"", ""compliant"", ""compliant"", ""compliant"", ""compliant""]",1.0,compliant,True,0.8841582946778217,0.2603122849026155,1.0,10,1.0,0.045690609910778106
0000341,rule_3,compliant,compliant,"[""compliant"", ""compliant"", ""compliant"", ""violation"", ""compliant"", ""compliant"", ""compliant"", ""compliant"", ""compliant"", ""violation""]",0.6444444444444445,compliant,True,0.3366615571895371,0.3545049446304248,0.3,10,1.0,0.20663244749286705
0000341,rule_3,compliant,compliant,"[""violation"", ""violation"", ""compliant"", ""compliant"", ""violation"", ""violation"", ""compliant"", ""compliant"", ""compliant"", ""compliant""]",0.4666666666666667,compliant,True,0.37110094794078174,0.37110094794078174,0.5,10,1.0,0.23127742138927823
0000341,rule_3,compliant,compliant,"[""compliant"", ""compliant"", ""compliant"", ""violation"", ""compliant"", ""violation"", ""compliant"", ""compliant"", ""violation"", ""violation""]",0.4666666666666667,compliant,True,0.19634514826736454,,0.7,10,0.9,0.20130986099094725
0000341,rule_3,compliant,compliant,"[""compliant"", ""compliant"", ""compliant"", ""compliant"", ""compliant"", ""compliant"", ""compliant"", ""compliant"", ""compliant"", ""compliant""]",1.0,compliant,True,0.31594414003885346,0.3163111204367007,1.0,10,1.0,0.08019024081735687
0000361,rule_3,fall_hazard,violation,"[""violation"", ""violation"", ""violation"", ""violation"", ""violation"", ""violation"", ""violation"", ""violation"", ""violation"", ""violation""]",1.0,violation,True,,,0.3,10,0.0,
0000361,rule_3,fall_hazard,violation,"[""violation"", ""violation"", ""violation"", ""violation"", ""violation"", ""violation"", ""violation"", ""violation"", ""violation"", ""violation""]",1.0,violation,True,,,0.5,10,0.0,
0000361,rule_3,fall_hazard,violation,"[""violation"", ""violation"", ""violation"", ""violation"", ""violation"", ""violation"", ""violation"", ""violation"", ""violation"", ""violation""]",1.0,violation,True,,,0.7,10,0.0,
0000361,rule_3,fall_hazard,violation,"[""violation"", ""violation"", ""violation"", ""violation"", ""violation"", ""violation"", ""violation"", ""violation"", ""violation"", ""violation""]",1.0,violation,True,,,1.0,10,0.0,
0000370,rule_3,fall_hazard,compliant,"[""compliant"", ""compliant"", ""compliant"", ""compliant"", ""compliant"", ""compliant"", ""compliant"", ""compliant"", ""compliant"", ""compliant""]",1.0,compliant,True,0.9238537540603617,0.9238537540603617,0.3,10,1.0,0.00852855831894847
0000370,rule_3,fall_hazard,compliant,"[""compliant"", ""compliant"", ""compliant"", ""compliant"", ""compliant"", ""compliant"", ""compliant"", ""compliant"", ""violation"", ""compliant""]",0.8,compliant,True,0.5419803951468205,0.5419803951468205,0.5,10,1.0,0.18199446024078497
0000370,rule_3,fall_hazard,compliant,"[""compliant"", ""compliant"", ""compliant"", ""compliant"", ""compliant"", ""compliant"", ""violation"", ""compliant"", ""compliant"", ""compliant""]",0.8,compliant,True,0.4305029532489837,0.5344083995155159,0.7,10,1.0,0.18303750310179637
0000370,rule_3,fall_hazard,compliant,"[""violation"", ""violation"", ""compliant"", ""compliant"", ""violation"", ""compliant"", ""compliant"", ""violation"", ""compliant"", ""compliant""]",0.4666666666666667,compliant,True,0.4332743959621538,0.4332743959621538,1.0,10,1.0,0.2301863265805465
0000376,rule_3,fall_hazard,violation,"[""compliant"", ""violation"", ""violation"", ""violation"", ""compliant"", ""violation"", ""violation"", ""violation"", ""compliant"", ""violation""]",0.5333333333333333,violation,True,0.8872675047608104,0.8872675047608104,0.3,10,1.0,0.015097372929298433
0000376,rule_3,fall_hazard,violation,"[""compliant"", ""violation"", ""compliant"", ""compliant"", ""violation"", ""compliant"", ""compliant"", ""compliant"", ""compliant"", ""violation""]",0.5333333333333333,compliant,False,0.7301300210553541,0.8663568201114908,0.5,10,1.0,0.01723834909672749
0000376,rule_3,fall_hazard,violation,"[""compliant"", ""compliant"", ""compliant"", ""violation"", ""compliant"", ""violation"", ""compliant"", ""compliant"", ""compliant"", ""compliant""]",0.6444444444444445,compliant,False,0.7487619934102794,0.7487619934102794,0.7,10,1.0,0.02363233712171628
0000376,rule_3,fall_hazard,violation,"[""compliant"", ""compliant"", ""compliant"", ""compliant"", ""compliant"", ""violation"", ""violation"", ""compliant"", ""compliant"", ""compliant""]",0.6444444444444445,compliant,False,0.5146971969114502,0.5146971969114502,1.0,10,1.0,0.04026700443270359
0000413,rule_2,compliant,compliant,"[""compliant"", ""compliant"", ""compliant"", ""compliant"", ""compliant"", ""compliant"", ""compliant"", ""compliant"", ""compliant"", ""compliant""]",1.0,compliant,True,0.8966335000389942,0.8966335000389942,0.3,10,1.0,0.015976422207492916
0000413,rule_2,compliant,compliant,"[""compliant"", ""compliant"", ""violation"", ""compliant"", ""compliant"", ""compliant"", ""compliant"", ""violation"", ""compliant"", ""violation""]",0.5333333333333333,compliant,True,0.5089138937307418,0.4771097801491699,0.5,10,1.0,0.15280397628619638
0000413,rule_2,compliant,compliant,"[""violation"", ""compliant"", ""compliant"", ""compliant"", ""compliant"", ""compliant"", ""compliant"", ""compliant"", ""compliant"", ""compliant""]",0.8,compliant,True,0.7321502340814197,0.7190289268942004,0.7,10,1.0,0.07350710267595627
0000413,rule_2,compliant,compliant,"[""compliant"", ""violation"", ""violation"", ""violation"", ""violation"", ""compliant"", ""compliant"", ""compliant"", ""compliant"", ""compliant""]",0.4666666666666667,compliant,True,0.2868564732906639,0.2636824482636456,1.0,10,1.0,0.2355071771950597
0000421,rule_3,fall_hazard,violation,"[""violation"", ""violation"", ""violation"", ""violation"", ""violation"", ""violation"", ""violation"", ""violation"", ""violation"", ""violation""]",1.0,violation,True,0.985041922512244,0.985041922512244,0.3,10,1.0,0.0014240546660668001
0000421,rule_3,fall_hazard,violation,"[""violation"", ""violation"", ""violation"", ""violation"", ""violation"", ""violation"", ""violation"", ""violation"", ""violation"", ""violation""]",1.0,violation,True,0.787736414041238,,0.5,10,0.9,0.0016553531261822164
0000421,rule_3,fall_hazard,violation,"[""violation"", ""violation"", ""violation"", ""violation"", ""violation"", ""violation"", ""violation"", ""compliant"", ""violation"", ""violation""]",0.8,violation,True,0.6061501187975633,,0.7,10,0.9,0.0024874045207573976
0000421,rule_3,fall_hazard,violation,"[""violation"", ""violation"", ""violation"", ""violation"", ""violation"", ""violation"", ""compliant"", ""violation"", ""violation"", ""violation""]",0.8,violation,True,0.6027267628483378,,1.0,10,0.9,0.08577232789280693
0000433,rule_4,compliant,hazard,"[""safe"", ""safe"", ""safe"", ""safe"", ""safe"", ""safe"", ""hazard"", ""hazard"", ""safe"", ""hazard""]",0.5333333333333333,safe,False,0.9928567618264122,0.4334735232753367,0.3,10,1.0,0.21562024420485126
0000433,rule_4,compliant,hazard,"[""safe"", ""safe"", ""hazard"", ""safe"", ""safe"", ""hazard"", ""safe"", ""hazard"", ""safe"", ""hazard""]",0.4666666666666667,safe,False,0.9897041944115155,0.37948727534277144,0.5,10,1.0,0.24652672063639242
0000433,rule_4,compliant,hazard,"[""hazard"", ""safe"", ""hazard"", ""hazard"", ""hazard"", ""safe"", ""safe"", ""safe"", ""safe"", ""safe""]",0.4666666666666667,safe,False,0.98645085870645,0.3052997717616996,0.7,10,1.0,0.24473013071610525
0000433,rule_4,compliant,hazard,"[""hazard"", ""hazard"", ""safe"", ""hazard"", ""safe"", ""hazard"", ""hazard"", ""hazard"", ""hazard"", ""hazard""]",0.6444444444444445,hazard,True,0.9814611031818801,0.47019274013556667,1.0,10,1.0,0.19055810328290038
0000437,rule_1,ppe_violation,compliant,"[""compliant"", ""compliant"", ""compliant"", ""compliant"", ""compliant"", ""compliant"", ""compliant"", ""compliant"", ""compliant"", ""compliant""]",1.0,compliant,True,0.9203756151183212,0.72512622654056,0.3,10,1.0,0.0009140807661205441
0000437,rule_1,ppe_violation,compliant,"[""compliant"", ""compliant"", ""compliant"", ""compliant"", ""compliant"", ""compliant"", ""compliant"", ""compliant"", ""compliant"", ""compliant""]",1.0,compliant,True,0.9072577809780837,0.719549407470808,0.5,10,1.0,0.0008870697826640026
0000437,rule_1,ppe_violation,compliant,"[""compliant"", ""compliant"", ""compliant"", ""compliant"", ""compliant"", ""compliant"", ""compliant"", ""compliant"", ""compliant"", ""compliant""]",1.0,compliant,True,0.9160035046658346,0.6433691377479424,0.7,10,1.0,0.001416824333273553
0000437,rule_1,ppe_violation,compliant,"[""compliant"", ""compliant"", ""compliant"", ""compliant"", ""compliant"", ""compliant"", ""compliant"", ""compliant"", ""compliant"", ""compliant""]",1.0,compliant,True,0.9168095792480617,0.6383481226547408,1.0,10,1.0,0.0017091622912180022
0000444,rule_2,compliant,compliant,"[""compliant"", ""compliant"", ""compliant"", ""compliant"", ""compliant"", ""compliant"", ""compliant"", ""compliant"", ""compliant"", ""compliant""]",1.0,compliant,True,0.9927353446824508,0.9926182077773373,0.3,10,1.0,0.0011889073537203548
0000444,rule_2,compliant,compliant,"[""compliant"", ""compliant"", ""compliant"", ""compliant"", ""compliant"", ""compliant"", ""compliant"", ""compliant"", ""compliant"", ""compliant""]",1.0,compliant,True,0.9936622954810498,0.992850539883371,0.5,10,1.0,0.001235757300494077
0000444,rule_2,compliant,compliant,"[""compliant"", ""compliant"", ""compliant"", ""compliant"", ""compliant"", ""compliant"", ""violation"", ""compliant"", ""compliant"", ""compliant""]",0.8,compliant,True,0.8283458892191332,0.7190767502474525,0.7,10,1.0,0.05836066306508944
0000444,rule_2,compliant,compliant,"[""compliant"", ""compliant"", ""compliant"", ""compliant"", ""compliant"", ""compliant"", ""compliant"", ""compliant"", ""compliant"", ""compliant""]",1.0,compliant,True,0.5507192609306504,0.5510980184796094,1.0,10,1.0,0.1363447392757861
