image_id,primary_class,assigned_rule_id,answer,boxes,confidence,inference_ms,caption
0000007,ppe_violation,rule_1,compliant,"[[982.0160522460938, 225.0240020751953, 1199.10400390625, 406.2720031738281]]",0.594480300322175,176.38229997828603,A group of men are working inside of a building. The men are wearing hard hats. One of the men is holding a bucket. There is a metal fence in front of them. 
0000022,compliant,rule_3,compliant,"[[0.45350000262260437, 0.3824999928474426, 778.6594848632812, 763.8524780273438], [0.45350000262260437, 0.3824999928474426, 500.21051025390625, 763.8524780273438], [0.45350000262260437, 276.5474853515625, 499.3034973144531, 763.8524780273438]]",0.5645419748034328,191.04239996522665,An aerial view of a construction site. There is a large yellow crane on the right side of the image. There are large black metal scaffoldings on the left side. A person is standing on top of one of the scaffolding. The person is wearing a yellow hard hat.
0000023,compliant,rule_1,compliant,"[[601.800048828125, 298.3500061035156, 617.4000244140625, 311.8500061035156]]",0.5734211811795831,147.13509986177087,A large pile of dirt is in the middle of a construction site. There is a yellow bulldozer on top of the pile. There are buildings in the distance behind the dirt. 
0000034,compliant,rule_2,compliant,"[[489.5, 330.375, 519.5, 406.875]]",0.5806189486756921,148.11419998295605,A man in a dark jacket and dark pants is walking on a train track. The man is holding a black umbrella in his right hand. The train tracks are made of metal and are brown in color. The roof of the train track is made of wood and has metal bars on it. There are large windows on the sides of the track.
0000037,compliant,rule_1,compliant,"[[1182.60009765625, 5.849999904632568, 1198.2000732421875, 31.94999885559082]]",0.6136403996497393,146.00849989801645,A man is standing on the ground under construction. He is wearing a white hard hat. There is a large hole in the ground next to him. There are workers standing around the hole. 
0000057,compliant,rule_1,compliant,"[[118.20000457763672, 374.8499755859375, 144.60000610351562, 396.4499816894531], [162.60000610351562, 373.04998779296875, 185.40000915527344, 391.04998779296875], [376.20001220703125, 384.75, 394.20001220703125, 402.75]]",0.422792338533327,224.2439000401646,The image is of a construction site. There is a blue truck with a red crane on top of it. The crane has a long red handle. There are construction workers standing around the truck. The workers are wearing hard hats. The ground under the truck is covered in dirt and rocks. To the right of the truck there is a wooden fence.
0000069,compliant,rule_1,compliant,"[[506.239990234375, 539.0399780273438, 538.239990234375, 566.8800048828125]]",0.6090995371341705,152.8026000596583,A large orange excavator is on the dirt. There are people standing around the excavator. There is a large pile of dirt behind the crane. 
0000074,compliant,rule_2,compliant,"[[406.20001220703125, 725.8499755859375, 437.4000244140625, 789.75]]",0.508056279271841,148.51050009019673,This is an image of a construction site. The sky is clear and blue. The ground is dirt. The dirt is light brown. There is a large cement truck. The truck is white. The cement truck has a large white tank on the back. The tank is gray and white. There are large cranes on the ground. The cranes are large and long.
0000079,fall_hazard,rule_3,compliant,"[[0.6000000238418579, 456.75, 1198.2000732421875, 676.3499755859375]]",0.6574155353009701,155.3448000922799,A cement truck is parked on a construction site. There are workers standing around the cement truck. There is a large metal fence in front of the truck. 
0000081,compliant,rule_3,compliant,"[[0.6000000238418579, 403.6499938964844, 1198.2000732421875, 898.6499633789062]]",0.7089868737384677,152.06409990787506,A man is working on a concrete slab. He is wearing a hard hat and a long sleeve shirt. The concrete slab is surrounded by dirt and mud. There is a fence in front of the man. Green grass can be seen in the background of the photo.
0000102,ppe_violation,rule_1,compliant,"[[225.00001525878906, 562.9500122070312, 256.20001220703125, 588.1499633789062]]",0.5923270741477609,160.60600010678172,A large dump truck is parked on the side of the road. There is a pile of dirt in front of the truck. There are large tires on the ground next to the street. 
0000116,ppe_violation,rule_1,compliant,"[[561.4080200195312, 529.4080200195312, 704.2559814453125, 656.384033203125]]",0.5481830602511764,156.5233999863267,Three men are working on a construction site.  One of the men is wearing a white shirt and brown pants.  The other two men are wearing a dark blue shirt.  They are bending down and working on wooden planks.  There is a large metal pipe hanging from the ceiling.  A small machine is on the wall to the left.
0000117,fall_hazard,rule_3,compliant,"[[0.47999998927116394, 534.3999633789062, 958.5599975585938, 1278.0799560546875], [0.47999998927116394, 535.6799926757812, 704.1599731445312, 1278.0799560546875]]",0.5574555036922296,172.52390016801655,A large cement mixer is on the ground. There are two men standing next to it. One of the men is wearing a red helmet. There is a pile of rocks behind the men. 
0000120,struck_by_risk,rule_4,hazard,"[[3.0, 496.3499755859375, 46.20000076293945, 588.1499633789062], [69.0, 359.54998779296875, 390.6000061035156, 606.1499633789062]]",0.5507315173745155,293.5652998276055,This is an image of a construction site. The sky is overcast and gray. There are large buildings in the background. The buildings are gray and white. There is a large orange excavator on the ground. The excavator has a large piece of dirt in the front. The dirt is brown and dirty. The ground is made up of rocks and dirt.
0000124,compliant,rule_2,compliant,"[[355.8000183105469, 355.04998779296875, 552.6000366210938, 490.9499816894531]]",0.6143490504473448,136.00559998303652,There are two trucks in the dirt. One truck is yellow and the other truck is orange. There are piles of dirt in front of the trucks. There is a white building in the background. 
0000129,compliant,rule_1,compliant,"[[706.0499877929688, 654.6000366210938, 724.949951171875, 667.800048828125]]",0.5994390044361353,137.65359995886683,A large green machine is on the dirt. There is a small white vehicle next to the machine. There are dirt hills behind the vehicle. 
0000149,fall_hazard,rule_2,compliant,"[[696.260986328125, 486.1575012207031, 766.9290161132812, 571.8374633789062]]",0.5228222897276282,131.56450004316866,A woman is working on a scaffold. The woman is wearing a yellow hard hat. The scaffold is made of metal. There is a body of water next to the woman. There are many green trees on the other side of the water. The sky above the water is gray. The women is wearing white tank top. 
0000183,compliant,rule_1,compliant,"[[886.2000122070312, 329.8500061035156, 898.2000122070312, 337.9499816894531]]",0.5553461387753487,156.48530004546046,An orange backhoe is digging the dirt. The dirt is a reddish brown color. There is a brick walkway to the left of the backhoe. There are buildings in the background.
0000203,fall_hazard,rule_3,compliant,"[[0.6000000238418579, 447.75, 515.4000244140625, 529.6499633789062]]",0.5834275018423796,148.88949994929135,A large yellow tractor is on the dirt. There is a brown building behind the tractor. There are people standing in front of the building. 
0000204,compliant,rule_1,compliant,"[[0.44999998807907104, 523.800048828125, 859.949951171875, 1068.60009765625]]",0.6403114143759012,137.42920011281967,A pile of dirt sits next to a body of water. There is a bulldozer next to the dirt. There are tall weeds in front of the dirt pile. 
0000205,compliant,rule_4,hazard,"[[621.4500122070312, 208.20001220703125, 752.8499755859375, 499.8000183105469], [15.75, 429.0000305175781, 898.6499633789062, 1198.2000732421875]]",0.6464500534865592,263.35390005260706,A man in a black shirt and blue jeans is wearing a yellow hard hat. He is standing in front of a cement wall. There is a large blue circular structure in the middle of the picture. There are plastic bags on top of the structure. 
0000229,ppe_violation,rule_1,compliant,"[[570.6000366210938, 267.63751220703125, 591.0, 285.1875]]",0.5758205698803067,126.30530004389584,A man in a white shirt and blue shorts is walking down a dirt road. There are large bulldozers on the side of the road. 
0000233,ppe_violation,rule_1,compliant,"[[130.20001220703125, 403.6499938964844, 144.60000610351562, 416.25]]",0.6186344102025032,139.87400010228157,Three people are standing on a dirt field. They are wearing hard hats on their heads. There is a yellow bulldozer in the middle of the field. There are trees behind the bulldozer. 
0000253,fall_hazard,rule_3,violation,[],0.603892839380673,213.70339998975396,A pile of rocks sits on top of a cement block. There is a bulldozer on the side of the block. People are standing behind the bulldozer. 
0000254,compliant,rule_3,compliant,"[[155.40000915527344, 483.75, 1198.2000732421875, 898.6499633789062]]",0.6203089542686939,152.48419996351004,A group of construction workers are working on a road. The road is surrounded by dirt and wooden fences. The men are wearing hard hats. There is a large yellow crane on the road. There are buildings in the background.
0000280,compliant,rule_2,compliant,"[[41.400001525878906, 357.75, 1098.60009765625, 666.4500122070312]]",0.5837243944406509,149.9640999827534,A large yellow backhoe is on the dirt. There is a pile of rocks behind the backhoe. There are power lines in the distance above the dirt field. 
0000288,compliant,rule_2,compliant,"[[466.20001220703125, 472.04998779296875, 864.6000366210938, 759.1499633789062]]",0.613791324198246,150.1329999882728,A yellow and blue bulldozer is on the dirt. There is a pile of dirt next to the bulldozer. There are weeds in front of the bulldozers. 
0000325,compliant,rule_4,safe,"[[1133.4000244140625, 727.6499633789062, 1198.2000732421875, 898.6499633789062], [261.0, 589.9500122070312, 511.8000183105469, 791.5499877929688]]",0.6197324047213073,305.81169994547963,There is a large yellow truck on the dirt. There is a tall tower behind the truck. There are wires hanging from the tower. 
0000327,struck_by_risk,rule_4,hazard,"[[475.4744873046875, 670.2000122070312, 539.4094848632812, 783.0000610351562], [72.34749603271484, 274.20001220703125, 478.8394775390625, 781.800048828125]]",0.6164285415221774,268.320000031963,There is a large yellow excavator on the ground. There is water next to the excavator. A person in a red shirt is holding a black umbrella. 
0000331,struck_by_risk,rule_4,hazard,"[[0.44999998807907104, 551.4000244140625, 33.75, 702.6000366210938], [25.649999618530273, 339.0, 564.75, 784.2000122070312]]",0.6503775368134181,273.2498999685049,A large yellow excavator is on the dirt. There is a pile of rocks next to the excavator. There are buildings in the distance behind the dirt and rocks. 
0000332,fall_hazard,rule_2,compliant,"[[594.6000366210938, 382.04998779296875, 673.800048828125, 433.3499755859375]]",0.5462915468961,140.82410000264645,A man is wearing a black jacket and a red helmet. He is standing on a metal scaffold. There is a ladder in front of the man. 
0000341,compliant,rule_3,compliant,"[[148.20001220703125, 343.3500061035156, 1025.4000244140625, 831.1499633789062]]",0.5658567827194929,127.00999993830919,A person is sitting in a backhoe. The backhoe is digging dirt. The dirt is brown. There are buildings in the distance. There is a lot of snow on the ground. 
0000361,fall_hazard,rule_3,violation,[],0.7617478282856089,167.95530007220805,A large yellow tractor is digging in the dirt. There is a large pile of dirt next to the tractor. There are small rocks on the ground in front of the truck.
0000370,fall_hazard,rule_3,compliant,"[[0.6399999856948853, 570.719970703125, 429.44000244140625, 958.5599975585938]]",0.5476309978403151,135.64760005101562,A construction site is being built. There is a man in an orange shirt and black pants standing in the dirt. There are construction vehicles on the ground behind the man. 
0000376,fall_hazard,rule_3,compliant,"[[0.44999998807907104, 363.0, 341.54998779296875, 736.2000122070312]]",0.5523013696074486,146.2421000469476,A large yellow tractor is on the dirt. There is a large concrete wall next to the tractor. There are buildings behind the construction. 
0000413,compliant,rule_2,compliant,"[[79.80000305175781, 94.94999694824219, 612.6000366210938, 898.6499633789062]]",0.5714768618345261,135.91479999013245,Two men are working on a train track. They are wearing hard hats on their heads. One of the men is wearing a blue shirt and red pants. The other man is wearing orange pants and a red shirt. The train tracks are made of metal. There is a fence surrounding the train tracks. There are many metal pipes on the side of the track.
0000421,fall_hazard,rule_3,compliant,"[[0.47999998927116394, 478.0799865722656, 262.55999755859375, 992.6399536132812]]",0.6070492826402187,140.26429993100464,A large orange excavator is on a construction site. There is a large rock on the ground in front of the excavator. There are several people standing around the area. 
0000433,compliant,rule_4,hazard,"[[443.4000244140625, 49.94999694824219, 763.800048828125, 711.449951171875], [443.4000244140625, 49.94999694824219, 765.0, 711.449951171875]]",0.617610977105205,267.885799985379,A man is wearing a yellow hard hat. He is wearing orange pants and a black shirt. There is a fence in front of the man. 
0000437,ppe_violation,rule_1,compliant,"[[319.8000183105469, 386.54998779296875, 341.4000244140625, 407.25]]",0.6106325257569551,139.02939995750785,A yellow backhoe is parked in a field. There is a man standing in front of the backhoe. The man is wearing a black shirt and black pants. 
0000444,compliant,rule_2,compliant,"[[36.60000228881836, 81.44999694824219, 973.800048828125, 694.3499755859375]]",0.5988352596759796,145.60639997944236,A blue Kobelco excavator is digging dirt in a field. There is a large pile of dirt in front of the excavator. There are patches of grass in the field. 
0000468,fall_hazard,rule_3,compliant,"[[0.6000000238418579, 417.1499938964844, 556.2000122070312, 701.5499877929688]]",0.5819358760491014,144.1329000517726,A group of construction workers are working on a construction site. They are wearing orange safety vests and hard hats. There is a metal fence in front of the workers. 
0000469,ppe_violation,rule_1,compliant,"[[202.04998779296875, 499.8000183105469, 301.04998779296875, 597.0], [600.75, 466.20001220703125, 679.9500122070312, 522.6000366210938], [498.1499938964844, 223.8000030517578, 559.3499755859375, 289.8000183105469]]",0.5591649925336242,217.1839999500662,Three men are working on a hole in the ground. One of the men is wearing a white hat. The other two men are wearing blue shirts. The man in the red shirt is holding a long stick. There is a body of water next to the men. The ground around the hole is dirt and grass.
0000471,compliant,rule_4,hazard,"[[178.20001220703125, 110.25, 1101.0, 898.6499633789062], [178.20001220703125, 109.3499984741211, 1119.0, 898.6499633789062]]",0.6534930618982466,269.41780000925064,A large yellow tractor is on the dirt. There is a large building behind the tractor. There are large cranes on the building. 
0000478,fall_hazard,rule_3,compliant,"[[0.6000000238418579, 250.64999389648438, 707.4000244140625, 684.4500122070312]]",0.47939383517950773,140.3767999727279,People are working on a construction site. They are wearing orange safety jackets and hard hats. There is a large truck parked on the side of the dirt road. The truck has a large red crane on the back of it.
0000486,compliant,rule_4,hazard,"[[0.44999998807907104, 0.6000000238418579, 898.6499633789062, 1198.2000732421875], [0.44999998807907104, 0.6000000238418579, 898.6499633789062, 1198.2000732421875]]",0.6978020495956853,290.2772000525147,A large yellow crane is sitting on top of a truck. There is a silver pole under the crane. There are wires hanging from the crane above the truck. 
0000490,struck_by_risk,rule_4,hazard,"[[403.8000183105469, 653.8499755859375, 433.8000183105469, 744.75], [401.4000244140625, 444.1499938964844, 825.0000610351562, 740.25]]",0.5863846299194154,263.1198999006301,A blue and yellow construction vehicle is on the dirt. There is a large pile of dirt behind the vehicle. There are cranes in the distance behind the crane. 
0000503,compliant,rule_3,compliant,"[[863.4000244140625, 371.25, 1198.2000732421875, 439.6499938964844]]",0.6551141543313861,133.65840003825724,A blue backhoe is sitting on a pile of dirt. There is water behind the backhoe. There are buildings behind the water. 
0000514,compliant,rule_1,compliant,"[[327.0, 201.14999389648438, 411.0000305175781, 280.3500061035156]]",0.6319641098380089,136.29820011556149,Two men are working on a construction site. They are wearing yellow hard hats on their heads. One of the men is wearing a camouflage uniform. The other man is bending down working on something. The ground is dirt and brown.
0000530,compliant,rule_4,hazard,"[[737.5, 661.5, 823.5, 747.5], [737.5, 620.5, 850.5, 747.5]]",0.5037607970455336,279.83870008029044,An aerial view of a building under construction. The building has a large green tarpaulin covering it. There are wooden sticks sticking out of the tarp. There is a person climbing up the side of the building. 
0000545,ppe_violation,rule_1,compliant,"[[791.4000244140625, 515.25, 903.0000610351562, 612.4500122070312]]",0.6208047959953547,147.14009989984334,A man in a green jacket and an orange hard hat is standing on a dirt field. There is a large green and yellow bulldozer on the field. 
0000550,fall_hazard,rule_3,compliant,"[[0.6000000238418579, 526.0499877929688, 221.40000915527344, 898.6499633789062]]",0.5481207533739507,144.4569998420775,A construction site is being built. There is a wooden fence in front of the building. There are six people standing around the fence. One of the people is wearing a yellow hard hat. 
0000551,compliant,rule_4,safe,"[[325.3500061035156, 0.36000001430511475, 486.27001953125, 542.52001953125]]",0.6956711187003515,274.50920012779534,This is an image of a construction site. The site has a large yellow crane. The crane has a blue and white sign on it. The sign is white with black lettering. There are large buildings in the background. The buildings are tall and white. The building has many windows. The ground is made up of metal. There is a green fence around the building.
0000559,compliant,rule_4,hazard,"[[154.34999084472656, 371.4000244140625, 560.25, 760.2000122070312], [154.34999084472656, 371.4000244140625, 561.1499633789062, 761.4000244140625]]",0.6296761868492005,267.0032000169158,A man in an orange jumpsuit and a red hard hat is digging a hole in the dirt. The man is wearing black boots. There are green bags on the ground around the man. 
0000568,compliant,rule_1,compliant,"[[442.8800354003906, 143.23199462890625, 503.2960205078125, 183.93600463867188]]",0.5964167341589928,123.58019989915192,Three men are standing on a construction site. They are wearing white uniforms and hard hats on their heads. One of the men is wearing a blue shirt and red shoes. There is a ladder leaning against the wall in front of them.
0000606,fall_hazard,rule_3,compliant,"[[0.6000000238418579, 292.04998779296875, 610.2000122070312, 898.6499633789062]]",0.6766678658314049,143.01020000129938,A construction site with a large orange and black excavator. There is a wooden fence next to the dirt road. There are trees on the side of the road. 
0000613,compliant,rule_4,safe,"[[335.4000244140625, 190.34999084472656, 701.4000244140625, 565.6499633789062]]",0.617550698785573,311.67179998010397,A yellow sumitomo excavator is on the ground. The ground is dirt and there are patches of green grass. Behind the excavator are trees. The sky is blue with white clouds.
0000620,compliant,rule_2,violation,[],0.5851249034915652,201.15760015323758,Two men are standing outside of a building. They are wearing hard hats on their heads. One of the men is wearing a blue jacket and pants. The other man is wearing an army uniform. There are many barrels on the ground in front of them. Part of a tall yellow tower can be seen in the background of the photo.
0000623,ppe_violation,rule_1,compliant,"[[812.1599731445312, 137.75999450683594, 882.5599975585938, 190.55999755859375]]",0.5332422303035855,130.06110000424087,A group of men are working on a construction site. They are holding long wooden poles. There are large rocks on the ground. There is a wooden structure to the left of the men. 
0000625,compliant,rule_3,compliant,"[[0.9599999785423279, 0.5400000214576721, 1917.1199951171875, 1078.3800048828125]]",0.48942305085559684,203.23730004020035,The image is of a construction site. There are workers at the site. They are wearing hard hats to protect their heads from the sun. The construction site is surrounded by tall buildings. The sky is gray and cloudy.
0000626,fall_hazard,rule_3,compliant,"[[0.6000000238418579, 250.64999389648438, 353.4000244140625, 445.9499816894531]]",0.4765744423493743,148.34480010904372,Three people are working on a construction site. They are wearing orange safety jackets and hard hats. There is a pile of dirt behind them and a wooden fence on the left. In the distance there are buildings and trees.
0000632,compliant,rule_3,compliant,"[[0.6000000238418579, 482.8000183105469, 1198.2000732421875, 798.7999877929688]]",0.6443528789095581,146.01390017196536,A group of construction workers are standing outside on a construction site. They are wearing safety vests and hard hats. There is a large metal structure to the left of the workers. The sky above the workers is gray.
0000641,ppe_violation,rule_1,compliant,"[[985.800048828125, 265.6125183105469, 1090.2000732421875, 365.51251220703125]]",0.5304529070854187,146.7633000575006,A group of men are standing outside on a sunny day. They are all wearing hard hats on their heads. One of the men is holding a blue and white umbrella over his head. There is dirt on the ground in front of them. Tall green trees can be seen in the background of the photo. Part of a mountain is seen behind the people.
0000642,compliant,rule_2,compliant,"[[438.6000061035156, 232.19300842285156, 495.0000305175781, 419.56500244140625]]",0.4965451918542385,140.9492001403123,A man is standing inside of a building. The building is under construction. The man is wearing a hard hat. The walls of the building are red. The ground under the building is dirt and rocks.
0000745,compliant,rule_3,compliant,"[[135.0, 237.14999389648438, 1105.800048828125, 764.5499877929688]]",0.5611395272426307,143.20249995216727,A large yellow construction vehicle is parked on the dirt. There is a red trailer attached to the vehicle with the name SANY on it. There are large black tires on the vehicle. Behind the vehicle there is a pile of dirt. In the distance there are buildings and trees. 
0000755,compliant,rule_1,compliant,"[[977.4000244140625, 533.25, 991.800048828125, 546.75]]",0.6057674586772919,158.70569995604455,A large yellow excavator is sitting on the dirt. There is a truck parked next to the excavator. There are tracks in the dirt on the ground. 
0000760,compliant,rule_1,compliant,"[[827.4000244140625, 500.8499755859375, 915.0000610351562, 563.8499755859375], [685.800048828125, 497.25, 769.800048828125, 554.8499755859375], [388.20001220703125, 494.54998779296875, 463.8000183105469, 549.4500122070312]]",0.569770977832377,225.4595998674631,Three men are standing in front of a building under construction. Two of the men are wearing white hard hats on their heads. The other man is wearing a red hard hat on his head. There is a large wooden pole sticking out of the building.
0000766,ppe_violation,rule_1,compliant,"[[49.80000305175781, 379.01251220703125, 73.80000305175781, 401.2875061035156]]",0.5935158859938383,126.47889996878803,A bulldozer is sitting in the dirt. There is a pile of dirt next to the bulldozer. There are trees in the distance. 
0000798,compliant,rule_3,compliant,"[[0.6000000238418579, 59.849998474121094, 1198.2000732421875, 363.1499938964844]]",0.5685206269845366,150.27039987035096,A construction site is being built. There is a large wooden fence surrounding the area. There are people standing on top of the structure. They are wearing hard hats on their heads. 
0000804,compliant,rule_1,compliant,"[[527.4205322265625, 615.4425048828125, 579.1195068359375, 669.7575073242188]]",0.5408625081181526,139.77250014431775,There are two people wearing red suits and yellow hard hats. They are standing on a bridge that has blue railings on it. There are trees behind the bridge. 
0000874,fall_hazard,rule_2,compliant,"[[539.2114868164062, 214.58248901367188, 581.8405151367188, 245.94749450683594]]",0.5572275628801435,137.08580005913973,A man is sitting on a wooden structure. The man is wearing a yellow hard hat. There are wires hanging from the structure. There is a mountain behind the man. 
0000878,struck_by_risk,rule_4,hazard,"[[0.44999998807907104, 969.0000610351562, 159.75, 1198.2000732421875], [0.44999998807907104, 0.6000000238418579, 898.6499633789062, 1198.2000732421875], [0.44999998807907104, 394.20001220703125, 898.6499633789062, 1198.2000732421875]]",0.7714133748968879,334.96989984996617,A man in a white hard hat and a black jacket is standing in front of a blue and yellow construction vehicle. The man is wearing a black backpack and is looking at the vehicle. 
0000879,compliant,rule_1,compliant,"[[871.800048828125, 378.4499816894531, 901.800048828125, 403.6499938964844]]",0.5961503107100725,156.21579997241497,The image is of a building under construction. The roof is made of metal and is supported by large pillars. There are three men working on the floor. One of the men is wearing a hard hat. The other two men are wearing hard hats. The ground is covered in dirt and green grass. The walls of the building are made of glass.
0000886,compliant,rule_2,compliant,"[[1113.0, 421.20001220703125, 1198.2000732421875, 518.7999877929688]]",0.48941384442150593,146.14750002510846,Five men are working on a construction site. They are wearing yellow hard hats and vests. One of the men is holding a long stick. There is a large pile of dirt behind the men. 
0000888,compliant,rule_4,safe,"[[926.3999633789062, 364.5, 1122.239990234375, 952.02001953125]]",0.5284666694523323,363.31679997965693,A group of construction workers are working on a building under construction. They are wearing hard hats and gloves to protect their heads from the sun. There are large piles of wood and metal scaffolding surrounding the workers. In the distance there are tall buildings.
0000889,compliant,rule_4,hazard,"[[256.20001220703125, 300.1499938964844, 1119.0, 850.949951171875], [255.00001525878906, 300.1499938964844, 1119.0, 850.949951171875]]",0.5989107341756896,279.33999989181757,The image is of a backhoe digging dirt. The backhoe is orange and yellow. The dirt is a reddish brown color. There is dirt under the backhoe. There are large brown hills in the background. The sky above the hillside is blue. The ground under the dirt is brown. There appears to be water in the bottom right corner of the image.
0000895,fall_hazard,rule_3,compliant,"[[3.0, 455.9624938964844, 390.6000061035156, 657.1124877929688]]",0.5494892820715904,140.77039994299412,A bulldozer is sitting on top of a hill. There are cars parked next to the bulldozer. There is dirt and rocks on the hill. 
0000904,compliant,rule_2,compliant,"[[420.6000061035156, 805.949951171875, 480.6000061035156, 870.75]]",0.5006956290453672,150.9548998437822,A construction site is being built. There are workers on the site wearing yellow safety vests and hard hats. There is a large wall behind the construction site. 
0000905,compliant,rule_3,compliant,"[[0.6000000238418579, 100.3499984741211, 1198.2000732421875, 898.6499633789062]]",0.7148178471252322,156.22329991310835,Two men are standing on a construction site. They are wearing orange uniforms and hard hats. There is a large white truck behind them. 
0000923,compliant,rule_2,compliant,"[[559.0800170898438, 221.47198486328125, 690.1200561523438, 300.9599914550781]]",0.5347068123519421,125.2093999646604,The image is of a construction site at night. There are two large trucks on the ground. One truck is red and the other is yellow. There is a pile of dirt and rocks in front of the trucks.
0000925,fall_hazard,rule_2,compliant,"[[207.00001525878906, 571.9500122070312, 238.20001220703125, 605.25]]",0.5327659025788307,136.73709984868765,A construction site with workers on top of a building under construction. There is a large yellow crane with a red flag hanging from it. The sky above the construction site is blue.
0000936,compliant,rule_4,safe,"[[567.0, 594.4500122070312, 618.6000366210938, 686.25], [450.6000061035156, 175.04998779296875, 762.6000366210938, 435.1499938964844]]",0.5128762248962645,285.08649999275804,The image is of a construction site. The sky is overcast and gray. There are two large cranes in the background. The cranes are red and yellow. There is a lot of construction workers on the ground. There appears to be a large building in the distance. The construction site is under construction. The workers are wearing hard hats.
0000940,compliant,rule_3,compliant,"[[0.6000000238418579, 701.5499877929688, 1198.2000732421875, 898.6499633789062]]",0.6248156311921775,148.63530010916293,A large yellow construction vehicle is on the dirt. There is a large cement wall behind the vehicle. There are buildings in the distance behind the wall. 
0000959,compliant,rule_2,compliant,"[[521.4000244140625, 195.75, 757.800048828125, 506.25]]",0.5669820345938206,134.02390014380217,A man in a blue shirt and a yellow hard hat is walking towards a construction site. There is a large yellow crane behind the man. There are buildings in the distance behind the crane. 
0000991,fall_hazard,rule_3,compliant,"[[576.6000366210938, 537.75, 960.6000366210938, 898.6499633789062]]",0.5463034342974424,134.82819986529648,A dirt road is in the middle of a construction site. There is a large cement wall on the right side of the road. There are people standing on the side of it. 
0000993,fall_hazard,rule_2,compliant,"[[435.5, 517.5, 479.5, 563.5]]",0.4981662333011627,138.9199998229742,An aerial view of a construction site. There is a large yellow crane on the right side of the image. There are workers on the site wearing red uniforms and hard hats. The ground under the construction site is paved with concrete.
0001014,compliant,rule_3,compliant,"[[300.6000061035156, 369.4499816894531, 504.6000061035156, 566.5499877929688]]",0.5015746969729662,159.64729990810156,A man is wearing a yellow hard hat. He is holding a long stick in his hand. There are rocks and dirt on the ground. 
0001033,struck_by_risk,rule_4,safe,"[[126.60000610351562, 636.75, 185.40000915527344, 791.5499877929688], [468.6000061035156, 247.04998779296875, 849.0000610351562, 818.5499877929688]]",0.604641594584026,331.1570999212563,A man is standing in the dirt. He is wearing a blue hard hat. There is a large blue and black truck behind the man. There are buildings behind the truck. 
0001071,fall_hazard,rule_3,compliant,"[[411.3599853515625, 932.47998046875, 770.3999633789062, 1278.0799560546875]]",0.5787286898121238,157.33229997567832,A construction site is shown. There is a large yellow crane on the right side of the image. There are two trucks on the road in the background. Two men are standing on the left side of this image. One is wearing a red shirt and a blue helmet.
0001077,ppe_violation,rule_1,compliant,"[[416.25, 1024.2000732421875, 428.8499755859375, 1036.2000732421875]]",0.6100068055093288,159.19449995271862,A large red crane is standing in front of a building under construction. The building is under construction and the sky is cloudy. There is a man standing in the dirt under the crane. 
0001081,fall_hazard,rule_3,compliant,"[[150.60000610351562, 411.75, 1198.2000732421875, 777.1499633789062]]",0.4383061402477324,145.02019993960857,A construction site with workers wearing orange safety vests and hard hats. There is a large building behind the construction site. There are large metal pipes laying on the ground in front of the building. 
0001117,ppe_violation,rule_1,compliant,"[[657.0, 334.3500061035156, 685.800048828125, 352.3499755859375]]",0.612604646012187,143.4681999962777,A yellow backhoe is on the ground. There is a man standing next to it. There are trees behind the backhoe. 
0001151,ppe_violation,rule_1,compliant,"[[561.1199951171875, 286.9200134277344, 585.1199951171875, 299.8800048828125]]",0.5226365914568305,138.08109983801842,The sky is cloudy and gray. There are buildings in the background. There is a yellow bulldozer in the middle of the dirt field. The dirt field is filled with brown dirt.
0001194,fall_hazard,rule_3,compliant,"[[0.6000000238418579, 364.9499816894531, 201.00001525878906, 392.8499755859375]]",0.5844432152807713,162.1665998827666,A large pile of dirt sits on top of a pile of gravel. There is a yellow tractor on top the pile of sand. There are large rocks on the ground in front of the pile. 
0001229,fall_hazard,rule_3,violation,[],0.6672457004232066,225.85330018773675,A man is wearing a red helmet and a green shirt. He is climbing up a large black pipe. There is a blue bucket on the ground next to the man. 
0001274,fall_hazard,rule_3,compliant,"[[0.47999998927116394, 560.0, 234.72000122070312, 1278.0799560546875]]",0.6770376432687044,170.37600022740662,Two men are standing on top of a cement wall. They are wearing helmets on their heads. There is a large cement truck behind them. There are rocks and dirt on the ground around the wall. 
0001325,struck_by_risk,rule_4,hazard,"[[543.0, 598.9500122070312, 655.800048828125, 892.3499755859375], [102.60000610351562, 150.75, 1120.2000732421875, 770.8499755859375]]",0.6427050388994671,282.567200018093,"A man is standing outside on a sunny day. He is wearing a white hard hat on his head, a long sleeve shirt and blue jeans. A large yellow excavator is sitting on top of a pile of dirt. Tall brick buildings can be seen behind the man. Part of a blue sky is seen above the buildings."
0001431,ppe_violation,rule_1,compliant,"[[0.6399999856948853, 684.9599609375, 7.039999961853027, 696.47998046875]]",0.6408987194299698,148.7836001906544,A large yellow bulldozer is on the dirt. There is a large yellow crane behind it. There are people standing in front of the bulldozer. 
0001436,fall_hazard,rule_3,compliant,"[[0.6000000238418579, 593.5499877929688, 106.20000457763672, 808.6499633789062]]",0.5309233646839857,148.73380004428327,A large yellow construction vehicle is on the ground. There is a man in a blue jacket standing next to the vehicle. There are large buildings behind the vehicles. 
0001460,ppe_violation,rule_1,compliant,"[[925.800048828125, 392.8499755859375, 954.6000366210938, 415.3499755859375]]",0.6083930488675833,142.90359988808632,The image is of a construction site at night. The sky is dark and the lights are on. The ground is dirt and there is a metal pole in the middle of the image. There is a pile of dirt on the left side of the area and a metal fence on the right side. There are construction workers in the area. One of the workers is wearing a hard hat.
0001470,ppe_violation,rule_1,compliant,"[[439.6499938964844, 1012.2000122070312, 453.1499938964844, 1023.0000610351562]]",0.5849315971136093,146.9541999977082,A large red crane is standing in front of a building under construction. The building is under construction and has green scaffolding surrounding it. There are people standing around the crane. 
0001484,fall_hazard,rule_3,compliant,"[[0.6000000238418579, 434.3625183105469, 453.0000305175781, 673.9874877929688]]",0.5594439506530762,139.833299908787,"A man is working on a construction site. He is wearing a hard hat, a long sleeve shirt and pants. The man is bending over and holding a tool in his hand. There is a large brown truck parked on the side of the dirt road. There are piles of wood and other tools scattered around the man. Part of a blue sky can be seen in the distance."
0001512,struck_by_risk,rule_4,hazard,"[[981.0000610351562, 688.0499877929688, 1020.6000366210938, 793.3499755859375], [575.4000244140625, 177.75, 1073.4000244140625, 810.449951171875]]",0.588435986448848,277.9049000237137,A yellow backhoe is on the ground. There is grass around the backhoe. There are power lines running across the sky. 
0001520,fall_hazard,rule_3,compliant,"[[0.44999998807907104, 263.4000244140625, 898.6499633789062, 1198.2000732421875], [0.44999998807907104, 264.6000061035156, 552.1499633789062, 1198.2000732421875]]",0.5450256705905,163.8136999681592,A construction site is being built. There are workers standing on top of the site. They are wearing hard hats on their heads. One of the workers is wearing a blue jacket. 
0001530,fall_hazard,rule_2,compliant,"[[623.4000244140625, 442.3499755859375, 703.800048828125, 533.25]]",0.5568012474104762,134.9745998159051,A group of construction workers are working on a building under construction. They are wearing hard hats on their heads. One of the workers is standing on a ladder that is leaning against the side of the building. The building is made of brick and mortar. There is a large crane on the top of a building.
0001597,fall_hazard,rule_3,compliant,"[[0.7200000286102295, 399.0600280761719, 1437.840087890625, 545.9400024414062]]",0.6353124845772982,157.0188000332564,A man is working on a construction site. He is wearing a yellow hard hat and a brown shirt. There is a large pile of dirt behind the man. Two other men are standing on the ground behind him.
0001623,fall_hazard,rule_3,compliant,"[[0.6000000238418579, 612.4500122070312, 1198.2000732421875, 898.6499633789062]]",0.6551536079496145,155.37490020506084,A construction site with two large red cranes on top of it. There is a large yellow truck behind the crane. There are workers standing around the cranes. 
0001667,fall_hazard,rule_3,compliant,"[[0.6000000238418579, 198.4499969482422, 1198.2000732421875, 265.9499816894531]]",0.5853809230029583,150.07340000011027,A yellow backhoe is digging dirt on a hill. There is a blue wall behind the backhoe. There are people standing on the hill next to the hill. 
0001699,fall_hazard,rule_2,compliant,"[[805.800048828125, 97.83100128173828, 871.800048828125, 153.4250030517578]]",0.4645135123282671,131.39989995397627,The image is of a construction site. There are workers on the ground. One of the workers is standing on a scaffold. The scaffold is made of wood and metal. The walls of the building are made of concrete. The ground is wet and muddy. The workers are wearing hard hats on their heads.
0001798,fall_hazard,rule_3,compliant,"[[258.0, 1768.5, 1298.0, 2026.5]]",0.5651687122881413,278.59309990890324,There is snow on the ground. There is a truck parked in the snow. There are cars parked in front of the truck. 
0001804,ppe_violation,rule_1,compliant,"[[1924.3199462890625, 1393.9920654296875, 2124.9599609375, 1533.528076171875]]",0.5746305650100112,248.98590007796884,A man is wearing a brown jacket and blue jeans. He is standing in front of a machine that is yellow and white. There is a white ladder next to the man. 
0001842,ppe_violation,rule_1,compliant,"[[858.6000366210938, 469.3499755859375, 895.800048828125, 498.1499938964844]]",0.5748533997684717,150.46770009212196,A group of construction workers are under a bridge. They are wearing red uniforms and yellow hard hats. There is a man in a red jacket crouched down on the ground. 
0001981,fall_hazard,rule_3,compliant,"[[717.4400024414062, 599.5199584960938, 1278.0799560546875, 958.5599975585938]]",0.6911498196423054,150.60609998181462,A large yellow bulldozer is on the dirt. There is a pile of rocks on the ground next to the bulldozer. There are people standing on the side of the dirt road. 
0001982,ppe_violation,rule_1,compliant,"[[1141.800048828125, 597.1499633789062, 1168.2000732421875, 618.75]]",0.6399106811732054,144.24300007522106,A large yellow truck is on the dirt. There is a large white truck next to the truck. There are trees on the side of the dirt hill. 
0001986,ppe_violation,rule_1,compliant,"[[499.8000183105469, 374.8499755859375, 523.800048828125, 400.04998779296875]]",0.6120637077838182,144.81369988061488,A man in a black shirt and white hard hat is standing on a dirt field. There is a large wall behind him. There are several people standing in front of the wall. 
0001989,fall_hazard,rule_3,compliant,"[[530.5599975585938, 547.6799926757812, 1278.0799560546875, 901.9199829101562]]",0.5224813669919968,137.90659978985786,A large yellow dump truck is on the dirt. There is a pile of rocks in the truck bed. A man wearing a red hard hat is standing in front of the truck. 
0002042,struck_by_risk,rule_4,safe,"[[0.6000000238418579, 592.6499633789062, 25.80000114440918, 742.0499877929688], [216.60000610351562, 57.14999771118164, 1056.60009765625, 771.75]]",0.6443491178372549,299.23229990527034,A large blue excavator is on the dirt. There is a yellow fence behind the excavator. There are buildings behind the fence. 
0002092,fall_hazard,rule_2,compliant,"[[640.2000122070312, 429.75, 718.2000122070312, 481.9499816894531]]",0.49717515520751476,139.1504998318851,The image is of a construction site. There is a large building under construction. There are workers standing on the top of the building. The sky above the construction site is gray and cloudy.
0002150,fall_hazard,rule_3,compliant,"[[444.79998779296875, 672.47998046875, 1278.0799560546875, 958.5599975585938]]",0.6844435501843691,138.96999997086823,A large yellow truck is on the dirt. There is a blue tarp on the ground next to the truck. There are two men standing on rocks next to a fence. 
0002153,ppe_violation,rule_1,compliant,"[[151.8000030517578, 377.54998779296875, 198.60000610351562, 419.8499755859375]]",0.5547894313931465,142.3774000722915,A large yellow excavator is on the dirt. There are three men standing next to it. They are wearing hats on their heads. 
0002158,fall_hazard,rule_2,compliant,"[[339.0, 628.6499633789062, 370.20001220703125, 660.1499633789062]]",0.5113055948168039,139.0040998812765,A large yellow crane is in the sky. There are people standing on top of a building under construction. There is a cloud of smoke behind the crane. 
0002178,fall_hazard,rule_3,compliant,"[[0.47999998927116394, 670.0799560546875, 571.6799926757812, 1278.0799560546875]]",0.6656168354675174,137.47050007805228,A large pile of rocks sits in the back of a yellow dump truck. There are two men standing next to the truck. One of the men is wearing a hard hat and a blue shirt. There is a pile of dirt behind the men. 
0002211,ppe_violation,rule_1,compliant,"[[393.0000305175781, 572.8499755859375, 406.20001220703125, 582.75]]",0.6238932814449072,145.94729989767075,This is an image of a construction site. The ground is dirt. The dirt is light brown. There is a pile of dirt on the left side of the image. The pile is dark brown. The truck on the right side is green. The back of the truck is yellow. There are large cranes in the background. The cranes are yellow and white.
0002260,ppe_violation,rule_1,compliant,"[[711.0, 706.949951171875, 723.0, 715.0499877929688]]",0.5944852065294981,164.02440005913377,A large white truck is on the dirt. There is a large building behind the truck. There are people standing in front of the building. 
0002262,ppe_violation,rule_1,compliant,"[[767.4000244140625, 323.0085144042969, 801.0000610351562, 348.23651123046875]]",0.5231478502973914,144.21069994568825,A construction site is being built. There are two men sitting on the ground. They are wearing hard hats on their heads. There is a large building in the background. 
0002291,ppe_violation,rule_1,compliant,"[[199.8000030517578, 395.6000061035156, 217.8000030517578, 408.3999938964844]]",0.596448564901948,136.32340007461607,This is an image of a construction site. The ground is dirt. The dirt is light brown. There is a pile of dirt in the middle of the dirt. There are large dump trucks in the picture. The dump trucks are yellow and green. The truck in the back has dirt in it. The sky above the trucks is gray and cloudy.
0002348,ppe_violation,rule_1,compliant,"[[705.0, 581.8499755859375, 747.0, 627.75]]",0.6245104465633631,142.56820012815297,A large yellow truck is on the dirt. There is a man standing next to the truck. There are rocks on the ground in front of the man.
0002446,struck_by_risk,rule_4,hazard,"[[558.6000366210938, 419.8499755859375, 591.0, 470.25], [377.4000244140625, 181.34999084472656, 526.2000122070312, 490.04998779296875]]",0.6037666507893138,331.04739990085363,A large white pipe is sitting on the ground. There is dirt and rocks around the pipe. There are buildings behind the pipe in the distance. 
0002480,ppe_violation,rule_1,compliant,"[[357.0, 255.14999389648438, 427.8000183105469, 328.9499816894531]]",0.5763427568599582,145.95420006662607,"A man in a gray hooded sweatshirt, blue jeans and black boots is standing on a pile of garbage in front of a blue and white excavator. The excavator is digging dirt into a body of water. There is a bridge in the background."
0002525,ppe_violation,rule_1,compliant,"[[887.2000122070312, 888.6000366210938, 924.0, 918.6000366210938]]",0.5876933177933097,146.29369997419417,A group of construction workers are standing in front of a large rocky area. They are wearing hard hats on their heads. There is a metal fence in the front of the people. 
0002534,fall_hazard,rule_3,compliant,"[[0.6000000238418579, 562.0499877929688, 585.0, 898.6499633789062]]",0.6874921470880508,142.96680013649166,A construction site is shown. There is a pile of dirt on the right side of the image. On the left side there is a large yellow crane. In front of the crane is a metal fence.
0002595,fall_hazard,rule_3,compliant,"[[489.0000305175781, 261.4499816894531, 1026.60009765625, 898.6499633789062]]",0.507687344836692,179.88640000112355,People are working on a construction site. They are wearing hard hats on their heads. There is a large yellow crane on the ground. There are buildings in the background. 
0002599,ppe_violation,rule_1,compliant,"[[225.00001525878906, 323.54998779296875, 246.60000610351562, 340.6499938964844]]",0.6392860282212496,131.38119992800057,A large yellow truck with a red crane on the top of it. There is a bridge behind the truck. There are yellow fences on the side of the road. 
0002668,ppe_violation,rule_1,compliant,"[[703.800048828125, 487.3499755859375, 723.0, 499.04998779296875]]",0.6343862451612949,144.43089999258518,A large truck is parked on the side of a road. There are several cars parked next to the truck. There is dirt and rocks on the sides of the road. 
0002815,fall_hazard,rule_2,compliant,"[[705.780029296875, 810.0000610351562, 806.2200317382812, 889.2000122070312]]",0.5025723990984261,161.40169999562204,A construction site is being built. There is a large yellow scaffold in front of a large white wall. There are people standing on the scaffold. They are wearing hard hats on their heads.
0002925,fall_hazard,rule_3,compliant,"[[0.6000000238418579, 413.54998779296875, 540.6000366210938, 460.3499755859375]]",0.5592384161427617,150.84039978682995,This is an image of a construction site. The sky is clear and blue. The ground is dirt. The dirt is light brown. There is a pile of dirt in the middle of the dirt. There are large yellow cranes on the right side of the photo. There large black metal pipes on the ground to the right of the cranes.
0002957,ppe_violation,rule_1,compliant,"[[610.2000122070312, 460.3499755859375, 635.4000244140625, 476.54998779296875]]",0.6059558670967817,165.2618998195976,A large yellow excavator is on the dirt. There are two people standing next to it. There is a large building behind the excavator. 
0003067,ppe_violation,rule_1,compliant,"[[854.3999633789062, 328.79998779296875, 903.0399780273438, 363.3599853515625]]",0.5918034128844738,161.82370018213987,Four men are standing outside on a construction site. The men are wearing short sleeve shirts and pants. One of the men is wearing a hard hat on his head. The ground is covered with rocks and rocks. The wall of the construction site is made up of wooden planks and beams. Part of a fence can be seen behind the men. Green trees are seen in the background of the photo.
0003071,ppe_violation,rule_1,compliant,"[[561.0, 35.54999923706055, 799.800048828125, 212.84999084472656]]",0.6390952095389366,153.94170000217855,A group of men are standing outside on a cloudy day. One of the men is wearing a striped shirt and blue jeans. He is also wearing a red hard hat on his head. Another man is standing next to him holding a piece of paper in his hand. There is a large pile of dirt in front of them. Part of a building can be seen behind the men.
0003088,struck_by_risk,rule_4,safe,"[[145.8000030517578, 630.4500122070312, 208.20001220703125, 790.6499633789062], [318.6000061035156, 274.9499816894531, 888.6000366210938, 812.25]]",0.6235025359524621,290.006099967286,A man is standing outside on a sunny day. He is wearing a blue hard hat on his head. A large blue and yellow excavator is sitting on a pile of dirt. There is a yellow fence behind the man. Tall buildings can be seen behind the fence. Tall leafless trees are standing in front of the buildings.
0003164,ppe_violation,rule_1,compliant,"[[173.40000915527344, 484.3999938964844, 192.60000610351562, 500.3999938964844]]",0.6113201268017292,143.83789990097284,A green truck is parked on the dirt. There is a large metal container on the back of the truck. There are logs on the ground in front of the green truck. 
0003206,ppe_violation,rule_1,compliant,"[[0.6000000238418579, 393.75, 25.80000114440918, 415.3499755859375]]",0.5888340007513762,161.8661000393331,A large orange excavator is digging dirt. There is a red and black scooter parked next to the excavator. There are large white tires on the ground in front of the tractor. 
0003302,ppe_violation,rule_1,compliant,"[[288.6000061035156, 572.8499755859375, 300.6000061035156, 584.5499877929688]]",0.6155849508941174,148.5411999747157,Four men are standing outside on a cloudy day. Three of the men are wearing dark shirts and black pants. Two trucks are parked near the men. One of the trucks has a ladder on the top of it. A yellow tractor is parked near a pile of dirt. A small white building can be seen in the background of the photo. Tall green trees are standing behind the building.
0003339,ppe_violation,rule_1,compliant,"[[48.60000228881836, 189.33750915527344, 156.60000610351562, 248.7375030517578], [705.0, 200.1374969482422, 789.0000610351562, 264.9375], [269.4000244140625, 152.8874969482422, 354.6000061035156, 211.6125030517578]]",0.4460412561893463,205.7694001123309,A group of men are standing outside on a dirt road. They are all wearing hard hats on their heads. One of the men is wearing a long sleeve shirt and blue jeans. A large truck is parked on the side of the road near the men. Part of a mountain can be seen in the background of the photo. The sky is blue with white clouds in it.
0003429,ppe_violation,rule_1,compliant,"[[1253.1199951171875, 728.6399536132812, 1327.3599853515625, 786.239990234375]]",0.592082004994154,197.98990013077855,A group of construction workers are working on a large cement truck. The men are wearing hard hats and blue overalls. There are large rocks and dirt on the ground. There is a large rock wall behind the men. 
0003479,fall_hazard,rule_2,compliant,"[[416.13751220703125, 318.6000061035156, 577.4625244140625, 414.6000061035156], [416.13751220703125, 318.6000061035156, 576.7875366210938, 413.4000244140625], [416.13751220703125, 318.6000061035156, 489.0375061035156, 376.20001220703125]]",0.4073680527508259,205.64899989403784,"A man is working on the roof of a building under construction. He is wearing a hard hat, a red shirt and blue jeans. The man is holding a tool in his hand. The roof of the building is made of metal. There are large windows on the side of the man. Green wires can be seen hanging from the windows."
0003516,ppe_violation,rule_1,compliant,"[[97.80000305175781, 405.20001220703125, 114.60000610351562, 420.3999938964844]]",0.5892926305532455,155.1262999419123,A green truck is parked on the dirt. There is a pile of brown dirt in front of the truck. There are several other trucks parked next to it. 
0003613,fall_hazard,rule_3,compliant,"[[203.0399932861328, 269.44000244140625, 495.8399963378906, 1059.199951171875]]",0.5542567223310471,159.96229997836053,A cement truck is on the road. There are people standing on top of the cement truck. There is a large pile of dirt next to the truck. 
0003632,fall_hazard,rule_2,compliant,"[[467.5585021972656, 167.91749572753906, 541.9324951171875, 264.3074951171875]]",0.5239667110145092,159.55700003542006,A person is sitting on a wooden structure. The person is wearing a yellow hard hat. There are trees behind the person. 
0003813,struck_by_risk,rule_4,safe,"[[387.0000305175781, 511.6000061035156, 585.0, 798.7999877929688], [624.6000366210938, 158.0, 955.800048828125, 434.8000183105469]]",0.6423895165087685,277.8888000175357,A construction site with workers wearing safety vests and hard hats. There is a large yellow excavator on the ground. The ground is covered in dirt and tarpaulin sheets. The sky is overcast and gray.
0003922,ppe_violation,rule_1,compliant,"[[696.5799560546875, 475.5205078125, 716.2999877929688, 490.1715087890625]]",0.6240238789469004,151.3239999767393,A large cement truck is parked in front of a building under construction. The building has green scaffolding surrounding it. There is a man standing on top of the scaffolding. The man is wearing a white shirt and black pants. The cement truck has a large white and pink tank on the front. There are two men standing on the cement truck. One of the men is wearing an orange hard hat.
0003928,ppe_violation,rule_1,compliant,"[[1029.0, 266.9624938964844, 1045.800048828125, 279.1125183105469]]",0.5606398843228817,127.83720018342137,A yellow tractor is on the dirt. There is a long white pipe next to the tractor. There are people standing around the pipe. 
0003943,ppe_violation,rule_1,compliant,"[[61.80000305175781, 568.3499755859375, 78.60000610351562, 581.8499755859375]]",0.5972587931901217,145.62249998562038,A yellow backhoe is on the dirt. There is a pile of dirt next to the backhoe. There are mountains in the distance behind it. 
0004032,fall_hazard,rule_3,compliant,"[[0.6000000238418579, 346.9499816894531, 577.800048828125, 559.3499755859375]]",0.5548652606084943,153.7364001851529,A blue truck is parked on the dirt. There are people standing around the truck. They are wearing hard hats on their heads. 
0004171,ppe_violation,rule_1,compliant,"[[1011.0000610351562, 466.6499938964844, 1030.2000732421875, 481.9499816894531]]",0.5119257215410471,136.79719995707273,Three people are standing on a dirt field. There is a large pile of dirt on the left side of the field. A yellow truck is parked in front of the pile. There are power lines running across the field in the distance.
0004196,struck_by_risk,rule_4,safe,"[[76.20000457763672, 635.8499755859375, 131.40000915527344, 794.25], [438.6000061035156, 173.25, 785.4000244140625, 821.25]]",0.601745281664152,286.7819000966847,A man is standing in front of a construction site. He is wearing a hard hat and a black jacket. There is a large yellow wall behind the man. There are tall buildings behind the wall. 
0004273,ppe_violation,rule_1,compliant,"[[990.6000366210938, 454.9499816894531, 1019.4000244140625, 470.25]]",0.5974889229983091,153.11299986205995,A yellow backhoe is parked on the dirt. There is a pile of dirt behind the backhoe. There are weeds and grass around the dirt and weeds. 
0004332,ppe_violation,rule_1,compliant,"[[0.6000000238418579, 124.64999389648438, 111.00000762939453, 224.54998779296875]]",0.6999586373567581,137.4839001800865,Two men are standing outside on a sunny day. One of the men is wearing a red hard hat on his head. The other man is standing next to a pile of rocks. A bridge can be seen in the background of the photo. Two men are walking on a road near the bridge.
0004380,ppe_violation,rule_1,compliant,"[[827.4000244140625, 408.1499938964844, 855.0000610351562, 436.04998779296875]]",0.5406969599425793,139.5543001126498,A yellow excavator is on the ground. There are people standing around the excavator. There is a large building behind the construction area. 
0004497,ppe_violation,rule_1,compliant,"[[4.200000286102295, 535.9500122070312, 37.80000305175781, 561.1499633789062]]",0.5647934628650546,162.2655000537634,A large orange and white truck is on the dirt. There is a large red crane on the back of the truck. There are tall buildings behind the truck with scaffolding surrounding them. 
0004552,fall_hazard,rule_3,compliant,"[[366.6000061035156, 314.2124938964844, 727.800048828125, 535.6124877929688], [366.6000061035156, 314.2124938964844, 564.6000366210938, 535.6124877929688]]",0.44286421065529186,159.11640017293394,A group of men are working on a construction site. They are wearing hard hats on their heads. One of the men is wearing a blue shirt and white pants. There is a large yellow vehicle on the ground behind the men.
0004680,ppe_violation,rule_1,compliant,"[[142.20001220703125, 157.53599548339844, 153.72000122070312, 165.02398681640625]]",0.5609623361378908,129.6641998924315,A large yellow truck is on the dirt. There is a pile of rocks behind the truck. There are two people standing on top of the rocks. 
0004716,ppe_violation,rule_1,compliant,"[[281.4000244140625, 403.6000061035156, 293.4000244140625, 416.3999938964844]]",0.5985435247421265,147.94360008090734,This is an image of a construction site. The ground is dirt. The dirt is light brown. There is a large dump truck in the middle of the photo. The dump truck has a large bed on the back of it. The bed is yellow and green. There are large cranes behind the dump truck. The cranes are yellow and blue.
0004831,fall_hazard,rule_2,compliant,"[[425.4000244140625, 536.8499755859375, 493.8000183105469, 588.1499633789062]]",0.4422826264053583,149.88679997622967,The image is of a construction site. There is a large metal tower in the background that has a blue and white sign on it. There are workers on the site wearing helmets. The sky is clear and blue. The construction site is under construction.
