image_id,assigned_rule_id,primary_class,level,perturbation,answer_changed,confidence_drop,object_box_iou,worker_lost,excluded_reason
0000007,rule_1,ppe_violation,level1_image,blur,False,-0.06628967781684225,0.9501259523727,False,
0000007,rule_1,ppe_violation,level1_image,low_light,False,-0.0007979764736124606,0.9392594641443663,False,
0000007,rule_1,ppe_violation,level1_image,occlude,False,0.03057498990425045,0.0,False,
0000007,rule_1,ppe_violation,level1_image,contrast_shift,False,0.03797244799456434,0.0,False,
0000007,rule_1,ppe_violation,level2_prompt,reworded_prompt,False,-0.011654918590052521,0.048966067380292286,False,
0000022,rule_3,compliant,level1_image,blur,False,-0.11823491484795612,0.8597193971123401,False,
0000022,rule_3,compliant,level1_image,low_light,False,0.006067849100301226,0.9976743854594368,False,
0000022,rule_3,compliant,level1_image,occlude,False,-0.0013737528039610147,0.8597193971123401,False,
0000022,rule_3,compliant,level1_image,contrast_shift,False,-0.006474743873280175,0.9988357999108425,False,
0000022,rule_3,compliant,level2_prompt,reworded_prompt,False,-0.005528700610046289,0.9988345213998355,False,
0000023,rule_1,compliant,level1_image,blur,False,-0.13004217222267822,0.0,False,
0000023,rule_1,compliant,level1_image,low_light,False,-0.021620155312120914,0.9374984105455008,False,
0000023,rule_1,compliant,level1_image,occlude,False,-0.00455379693840563,0.0,False,
0000023,rule_1,compliant,level1_image,contrast_shift,False,0.03310829093986822,0.9374984105455008,False,
0000023,rule_1,compliant,level2_prompt,reworded_prompt,True,-0.05903092221192574,,False,
0000034,rule_2,compliant,level1_image,blur,False,0.04843102255836129,0.003072276818165389,False,
0000034,rule_2,compliant,level1_image,low_light,False,-0.0029941002306128617,0.9807692307692307,False,
0000034,rule_2,compliant,level1_image,occlude,False,-0.009511418640613556,0.005241251734237706,False,
0000034,rule_2,compliant,level1_image,contrast_shift,False,-0.006932558757918095,0.9901960784313726,False,
0000034,rule_2,compliant,level2_prompt,reworded_prompt,True,-0.0679211491822368,,False,
0000037,rule_1,compliant,level1_image,blur,True,0.041158884098487114,0.0,False,
0000037,rule_1,compliant,level1_image,low_light,True,0.02956862721059994,0.0,False,
0000037,rule_1,compliant,level1_image,occlude,True,0.04005565454385107,0.0,False,
0000037,rule_1,compliant,level1_image,contrast_shift,True,0.020994524138846504,0.0,False,
0000037,rule_1,compliant,level2_prompt,reworded_prompt,False,-0.0099647188220513,0.0,False,
0000057,rule_1,compliant,level1_image,blur,False,-0.10615736845773904,0.0005301185225706143,False,
0000057,rule_1,compliant,level1_image,low_light,True,-0.07216962840301244,0.785714297428042,False,
0000057,rule_1,compliant,level1_image,occlude,False,-0.10901476814284583,0.8352268704370448,False,
0000057,rule_1,compliant,level1_image,contrast_shift,False,-0.07958811840689556,0.874999470181085,False,
0000057,rule_1,compliant,level2_prompt,reworded_prompt,True,-0.09754442219326098,0.0,False,
0000069,rule_1,compliant,level1_image,blur,True,0.04586014603929861,0.0,False,
0000069,rule_1,compliant,level1_image,low_light,False,0.006120073742100218,1.0,False,
0000069,rule_1,compliant,level1_image,occlude,True,-0.007312035454171029,0.0,False,
0000069,rule_1,compliant,level1_image,contrast_shift,False,0.010754584002175549,0.9003878445482136,False,
0000069,rule_1,compliant,level2_prompt,reworded_prompt,True,-0.02287437224929978,0.0,False,
0000074,rule_2,compliant,level1_image,blur,False,-0.1501421413245284,0.002440238531841784,False,
0000074,rule_2,compliant,level1_image,low_light,False,-0.008404745853372919,0.9259261003519883,False,
0000074,rule_2,compliant,level1_image,occlude,False,-0.000798374680536118,0.8840719090645845,False,
0000074,rule_2,compliant,level1_image,contrast_shift,False,0.005853324430063367,0.9344517810725081,False,
0000074,rule_2,compliant,level2_prompt,reworded_prompt,True,-0.11051910308500124,0.0,False,
0000079,rule_3,fall_hazard,level1_image,blur,False,0.05613994517049137,0.2444889607397863,False,
0000079,rule_3,fall_hazard,level1_image,low_light,False,-0.0009315889328718185,0.9798388447509695,False,
0000079,rule_3,fall_hazard,level1_image,occlude,False,0.08696966471948792,0.25886202485318227,False,
0000079,rule_3,fall_hazard,level1_image,contrast_shift,False,-0.005534840548144904,0.9878540598191158,False,
0000079,rule_3,fall_hazard,level2_prompt,reworded_prompt,False,-0.04954375595682203,0.9918366516528486,False,
0000081,rule_3,compliant,level1_image,blur,False,0.13681631158327778,0.5511021928944748,False,
0000081,rule_3,compliant,level1_image,low_light,False,0.08605525720243656,1.0,False,
0000081,rule_3,compliant,level1_image,occlude,False,-0.019427262584341132,0.0,False,
0000081,rule_3,compliant,level1_image,contrast_shift,False,0.0880589890293777,0.9963767746481971,False,
0000081,rule_3,compliant,level2_prompt,reworded_prompt,False,-0.04059259164043605,1.0,False,
0000102,rule_1,ppe_violation,level1_image,blur,False,0.048209645521315014,0.0007309192567159987,False,
0000102,rule_1,ppe_violation,level1_image,low_light,False,0.03630584258852265,0.7930271169084755,False,
0000102,rule_1,ppe_violation,level1_image,occlude,False,0.002286370710602892,1.0,False,
0000102,rule_1,ppe_violation,level1_image,contrast_shift,False,-0.00035134031038197566,0.8484845993867703,False,
0000102,rule_1,ppe_violation,level2_prompt,reworded_prompt,False,-0.05725285533646285,0.0,False,
0000116,rule_1,ppe_violation,level1_image,blur,False,0.010390488896518946,0.0,False,
0000116,rule_1,ppe_violation,level1_image,low_light,False,-0.005632722184860328,0.9384762930874712,False,
0000116,rule_1,ppe_violation,level1_image,occlude,False,-0.04732925917154973,0.8394072095058757,False,
0000116,rule_1,ppe_violation,level1_image,contrast_shift,False,0.002285795818482095,0.9789472187214656,False,
0000116,rule_1,ppe_violation,level2_prompt,reworded_prompt,False,-0.06878775760362099,0.0,False,
0000117,rule_3,fall_hazard,level1_image,blur,False,-0.0007890698810417707,0.5821643429443634,False,
0000117,rule_3,fall_hazard,level1_image,low_light,False,-0.014912246271879148,0.7322044979758565,False,
0000117,rule_3,fall_hazard,level1_image,occlude,False,-0.02625324255565087,0.7332047366258138,False,
0000117,rule_3,fall_hazard,level1_image,contrast_shift,False,0.02049207350327864,0.9982787901927154,False,
0000117,rule_3,fall_hazard,level2_prompt,reworded_prompt,False,-0.019645361110376958,0.9982787901927154,False,
0000120,rule_4,struck_by_risk,level1_image,blur,False,0.021158317762492884,0.7683500923851936,False,
0000120,rule_4,struck_by_risk,level1_image,low_light,True,0.013930829926433796,0.9601709723217706,True,
0000120,rule_4,struck_by_risk,level1_image,occlude,False,-0.010784890916612389,0.9336626609888097,False,
0000120,rule_4,struck_by_risk,level1_image,contrast_shift,False,-0.010445106951963323,1.0,False,
0000120,rule_4,struck_by_risk,level2_prompt,reworded_prompt,,,,,rule_4_has_no_second_phrasing
0000124,rule_2,compliant,level1_image,blur,False,0.07940233535399388,0.0,False,
0000124,rule_2,compliant,level1_image,low_light,False,0.004785108779157832,0.9452913414100806,False,
0000124,rule_2,compliant,level1_image,occlude,True,-0.03551281988620758,0.0,False,
0000124,rule_2,compliant,level1_image,contrast_shift,False,0.013253000697919237,0.9687487146650635,False,
0000124,rule_2,compliant,level2_prompt,reworded_prompt,True,-0.05588437709957361,0.0,False,
0000129,rule_1,compliant,level1_image,blur,True,0.05081988891659239,0.0002319265397768485,False,
0000129,rule_1,compliant,level1_image,low_light,False,-0.011729875779045384,0.8225134170704878,False,
0000129,rule_1,compliant,level1_image,occlude,True,-0.0025086629071404687,0.0,False,
0000129,rule_1,compliant,level1_image,contrast_shift,True,0.008629213353352982,0.0,False,
0000129,rule_1,compliant,level2_prompt,reworded_prompt,True,-0.027026476931165444,0.0,False,
0000149,rule_2,fall_hazard,level1_image,blur,False,0.01398860267665869,0.28117148564337424,False,
0000149,rule_2,fall_hazard,level1_image,low_light,False,-0.017161394765769833,1.0,False,
0000149,rule_2,fall_hazard,level1_image,occlude,False,-0.006723328191158062,0.9743588193379829,False,
0000149,rule_2,fall_hazard,level1_image,contrast_shift,False,-0.013067169511061794,0.9824561464900395,False,
0000149,rule_2,fall_hazard,level2_prompt,reworded_prompt,False,-0.16572071989584303,0.012891763422135851,False,
0000183,rule_1,compliant,level1_image,blur,True,-0.013050277551103884,9.03608086900432e-05,False,
0000183,rule_1,compliant,level1_image,low_light,False,-0.001829264286373311,0.8000039936612109,False,
0000183,rule_1,compliant,level1_image,occlude,True,0.0011990884585040273,0.8000039936612109,False,
0000183,rule_1,compliant,level1_image,contrast_shift,True,-0.003738321363925934,0.0,False,
0000183,rule_1,compliant,level2_prompt,reworded_prompt,False,-0.04455830563198426,0.0,False,
0000203,rule_3,fall_hazard,level1_image,blur,True,-0.0906428409683886,0.03919560925252664,False,
0000203,rule_3,fall_hazard,level1_image,low_light,False,-0.04582128873361002,0.0,False,
0000203,rule_3,fall_hazard,level1_image,occlude,False,-0.03161599832986084,0.0,False,
0000203,rule_3,fall_hazard,level1_image,contrast_shift,False,-0.037092873693576944,0.0,False,
0000203,rule_3,fall_hazard,level2_prompt,reworded_prompt,False,-0.06106787268072367,0.0,False,
0000204,rule_1,compliant,level1_image,blur,False,0.04328167824340723,0.854837724067804,False,
0000204,rule_1,compliant,level1_image,low_light,False,0.006362581625580788,0.9869425972338746,False,
0000204,rule_1,compliant,level1_image,occlude,False,0.01401829546583555,0.27309438337482056,False,
0000204,rule_1,compliant,level1_image,contrast_shift,False,0.00026453672243020865,0.05515864463934483,False,
0000204,rule_1,compliant,level2_prompt,reworded_prompt,True,0.02011527849689998,,False,
0000205,rule_4,compliant,level1_image,blur,False,0.007758494289148432,0.9693556116376841,False,
0000205,rule_4,compliant,level1_image,low_light,False,0.03968320962528327,1.0,False,
0000205,rule_4,compliant,level1_image,occlude,False,0.02015300516280205,0.7040012922739592,False,
0000205,rule_4,compliant,level1_image,contrast_shift,False,0.029632256854148165,1.0,False,
0000205,rule_4,compliant,level2_prompt,reworded_prompt,,,,,rule_4_has_no_second_phrasing
0000229,rule_1,ppe_violation,level1_image,blur,False,0.03608570374282338,0.0004437721937840594,False,
0000229,rule_1,ppe_violation,level1_image,low_light,True,-0.0073011343234352655,0.0,False,
0000229,rule_1,ppe_violation,level1_image,occlude,True,0.054628980412547046,0.0,False,
0000229,rule_1,ppe_violation,level1_image,contrast_shift,False,-0.004724161499845225,0.5151495167846336,False,
0000229,rule_1,ppe_violation,level2_prompt,reworded_prompt,False,-0.04649110836908221,0.0,False,
0000233,rule_1,ppe_violation,level1_image,blur,True,0.04591041357655601,0.0,False,
0000233,rule_1,ppe_violation,level1_image,low_light,False,0.0020368945385728088,1.0,False,
0000233,rule_1,ppe_violation,level1_image,occlude,False,-0.022387253386633832,0.4491972711608006,False,
0000233,rule_1,ppe_violation,level1_image,contrast_shift,False,0.006571321349058801,0.9333337854456019,False,
0000233,rule_1,ppe_violation,level2_prompt,reworded_prompt,True,-0.020275455645539564,0.0,False,
0000253,rule_3,fall_hazard,level1_image,blur,True,-0.007570233654393355,,False,
0000253,rule_3,fall_hazard,level1_image,low_light,False,0.05029499854964126,,False,
0000253,rule_3,fall_hazard,level1_image,occlude,False,-0.006355449526601498,,False,
0000253,rule_3,fall_hazard,level1_image,contrast_shift,False,0.06449490540998648,,False,
0000253,rule_3,fall_hazard,level2_prompt,reworded_prompt,True,-0.05645306047702592,,False,
0000254,rule_3,compliant,level1_image,blur,False,0.046595047460868955,0.7271952866087037,False,
0000254,rule_3,compliant,level1_image,low_light,False,0.0058912896285099325,0.9954180958914329,False,
0000254,rule_3,compliant,level1_image,occlude,True,-0.03725732796426329,0.29942413438776666,False,
0000254,rule_3,compliant,level1_image,contrast_shift,False,0.005605153805975371,0.978356503209708,False,
0000254,rule_3,compliant,level2_prompt,reworded_prompt,False,-0.024938736524846794,0.9847479248987002,False,
0000280,rule_2,compliant,level1_image,blur,False,0.09146091415147706,0.9197222868439788,False,
0000280,rule_2,compliant,level1_image,low_light,False,0.02136749375079372,0.9883380742509353,False,
0000280,rule_2,compliant,level1_image,occlude,False,0.08775702819582976,0.2774609753896529,False,
0000280,rule_2,compliant,level1_image,contrast_shift,False,0.006191122877810762,0.997093141311775,False,
0000280,rule_2,compliant,level2_prompt,reworded_prompt,False,-0.07489045771459735,0.997732356589751,False,
0000288,rule_2,compliant,level1_image,blur,False,0.009648577812091608,0.9004189231464491,False,
0000288,rule_2,compliant,level1_image,low_light,False,0.059560090170375,0.9910178737961244,False,
0000288,rule_2,compliant,level1_image,occlude,False,0.016154202212999236,0.7814907953350135,True,
0000288,rule_2,compliant,level1_image,contrast_shift,False,0.02941645961254835,0.9908969174477816,False,
0000288,rule_2,compliant,level2_prompt,reworded_prompt,False,-0.06878653479119134,0.9938626942714628,False,
0000325,rule_4,compliant,level1_image,blur,False,-0.035431165334578574,0.9086072669564776,False,
0000325,rule_4,compliant,level1_image,low_light,False,-0.042264748924162765,0.9861409908503502,False,
0000325,rule_4,compliant,level1_image,occlude,False,-0.05909883777664393,0.9815101041200525,False,
0000325,rule_4,compliant,level1_image,contrast_shift,False,-0.05270977108142305,0.9864128390082416,False,
0000325,rule_4,compliant,level2_prompt,reworded_prompt,,,,,rule_4_has_no_second_phrasing
0000327,rule_4,struck_by_risk,level1_image,blur,False,0.10157219344188295,0.8233709538138373,False,
0000327,rule_4,struck_by_risk,level1_image,low_light,False,0.053326566245347706,0.9542827636273947,False,
0000327,rule_4,struck_by_risk,level1_image,occlude,False,0.0657898278427066,0.8232223471251846,False,
0000327,rule_4,struck_by_risk,level1_image,contrast_shift,False,0.011503693958123562,0.9919894157913144,False,
0000327,rule_4,struck_by_risk,level2_prompt,reworded_prompt,,,,,rule_4_has_no_second_phrasing
0000331,rule_4,struck_by_risk,level1_image,blur,False,0.12896722508124037,0.9717489840783158,False,
0000331,rule_4,struck_by_risk,level1_image,low_light,False,0.0476242010259913,0.991288349248116,False,
0000331,rule_4,struck_by_risk,level1_image,occlude,False,0.0712690511274906,0.2979809298362533,False,
0000331,rule_4,struck_by_risk,level1_image,contrast_shift,False,0.013527911097284462,0.9966610572596567,False,
0000331,rule_4,struck_by_risk,level2_prompt,reworded_prompt,,,,,rule_4_has_no_second_phrasing
0000332,rule_2,fall_hazard,level1_image,blur,False,0.0793422976442214,0.15634608712510772,False,
0000332,rule_2,fall_hazard,level1_image,low_light,False,0.0026864366206740264,0.8923153778943105,False,
0000332,rule_2,fall_hazard,level1_image,occlude,False,-0.06669339950063391,0.0037770928710979756,False,
0000332,rule_2,fall_hazard,level1_image,contrast_shift,False,-0.003597636041896557,0.9516825109468134,False,
0000332,rule_2,fall_hazard,level2_prompt,reworded_prompt,False,-0.09259380493313074,0.0037770928710979756,False,
0000341,rule_3,compliant,level1_image,blur,False,-0.013091941663463169,0.5109343038072316,False,
0000341,rule_3,compliant,level1_image,low_light,False,0.05001710647983204,0.9858688696361002,False,
0000341,rule_3,compliant,level1_image,occlude,True,0.061235374545903665,,True,
0000341,rule_3,compliant,level1_image,contrast_shift,False,0.030392341515315335,0.9972640288838506,False,
0000341,rule_3,compliant,level2_prompt,reworded_prompt,False,-0.012352858256134747,0.6956452022625288,False,
0000361,rule_3,fall_hazard,level1_image,blur,True,0.1144362894490688,,False,
0000361,rule_3,fall_hazard,level1_image,low_light,True,0.15747946356474374,,False,
0000361,rule_3,fall_hazard,level1_image,occlude,False,-0.02481022334826255,,False,
0000361,rule_3,fall_hazard,level1_image,contrast_shift,True,0.1352106584440712,,False,
0000361,rule_3,fall_hazard,level2_prompt,reworded_prompt,False,0.01583813635543696,,False,
0000370,rule_3,fall_hazard,level1_image,blur,False,0.014455657574303782,0.1358830036267043,False,
0000370,rule_3,fall_hazard,level1_image,low_light,False,-0.018646418948524812,0.8985148962816306,False,
0000370,rule_3,fall_hazard,level1_image,occlude,False,0.015265365740993797,0.9940298564740373,False,
0000370,rule_3,fall_hazard,level1_image,contrast_shift,False,-0.0146401811590684,0.8906901073035344,False,
0000370,rule_3,fall_hazard,level2_prompt,reworded_prompt,False,-0.04443963128142059,0.3259395982308872,False,
0000376,rule_3,fall_hazard,level1_image,blur,True,-0.09452856270378684,0.6451928845182597,False,
0000376,rule_3,fall_hazard,level1_image,low_light,True,0.024421121293146664,0.7790313718437412,False,
0000376,rule_3,fall_hazard,level1_image,occlude,False,-0.013355957211128366,0.6334489862727046,False,
0000376,rule_3,fall_hazard,level1_image,contrast_shift,False,0.008580478240868827,0.9784908503989607,False,
0000376,rule_3,fall_hazard,level2_prompt,reworded_prompt,False,-0.06831488654845297,0.9967845333124867,False,
0000413,rule_2,compliant,level1_image,blur,True,0.09061614605719104,0.0,False,
0000413,rule_2,compliant,level1_image,low_light,False,0.016451739057499415,0.9910414367936106,False,
0000413,rule_2,compliant,level1_image,occlude,True,-0.025376067762928334,0.5614392167995251,False,
0000413,rule_2,compliant,level1_image,contrast_shift,False,-0.0005122034375060203,0.8488241686238899,False,
0000413,rule_2,compliant,level2_prompt,reworded_prompt,True,-0.06276938277814126,,False,
0000421,rule_3,fall_hazard,level1_image,blur,True,-0.05404107953377424,0.11018630046184645,False,
0000421,rule_3,fall_hazard,level1_image,low_light,False,0.0005411759817175454,0.9925558378715686,False,
0000421,rule_3,fall_hazard,level1_image,occlude,False,-0.006053735901202395,,False,
0000421,rule_3,fall_hazard,level1_image,contrast_shift,False,-0.01633043640426224,0.9829467229208968,False,
0000421,rule_3,fall_hazard,level2_prompt,reworded_prompt,False,-0.03777206006149447,0.996350397296477,False,
0000433,rule_4,compliant,level1_image,blur,False,0.08061105852562278,0.9773159577442901,False,
0000433,rule_4,compliant,level1_image,low_light,False,0.0055818702611657445,0.992565074388963,False,
0000433,rule_4,compliant,level1_image,occlude,True,-0.026736056358213522,0.0,False,
0000433,rule_4,compliant,level1_image,contrast_shift,False,0.02765062735194246,0.9949288485812533,False,
0000433,rule_4,compliant,level2_prompt,reworded_prompt,,,,,rule_4_has_no_second_phrasing
0000437,rule_1,ppe_violation,level1_image,blur,False,0.08675993609774335,0.00041566133538394783,False,
0000437,rule_1,ppe_violation,level1_image,low_light,False,0.05165694640683283,0.6571431120326681,False,
0000437,rule_1,ppe_violation,level1_image,occlude,False,-0.00677697786263054,0.5018184132921788,False,
0000437,rule_1,ppe_violation,level1_image,contrast_shift,False,-0.006982018106750032,0.46000005463026794,False,
0000437,rule_1,ppe_violation,level2_prompt,reworded_prompt,False,-0.04094113722782233,0.006873040400276224,False,
0000444,rule_2,compliant,level1_image,blur,False,0.05703413792486711,0.9660785359908192,False,
0000444,rule_2,compliant,level1_image,low_light,False,0.0057559206283519515,0.9897210180901428,False,
0000444,rule_2,compliant,level1_image,occlude,False,-0.016176445829262365,0.129627849641823,True,
0000444,rule_2,compliant,level1_image,contrast_shift,False,0.013728155022753263,0.998533721806835,False,
0000444,rule_2,compliant,level2_prompt,reworded_prompt,True,-0.0815465860068798,,False,
0000468,rule_3,fall_hazard,level1_image,blur,False,0.08789695672956954,0.22246009035666628,False,
0000468,rule_3,fall_hazard,level1_image,low_light,False,0.006993353428313309,0.36036476134484563,False,
0000468,rule_3,fall_hazard,level1_image,occlude,False,-0.0400652182953698,0.15558905112991708,False,
0000468,rule_3,fall_hazard,level1_image,contrast_shift,False,0.0295587764685592,0.9852737781145496,False,
0000468,rule_3,fall_hazard,level2_prompt,reworded_prompt,False,-0.04046496143564582,1.0,False,
0000469,rule_1,ppe_violation,level1_image,blur,False,0.05604613379442269,0.0,False,
0000469,rule_1,ppe_violation,level1_image,low_light,False,-0.001072319557091972,0.9521688912973839,False,
0000469,rule_1,ppe_violation,level1_image,occlude,False,-0.09640301890405156,0.0,False,
0000469,rule_1,ppe_violation,level1_image,contrast_shift,False,0.0055307138578168935,0.9642855088457061,False,
0000469,rule_1,ppe_violation,level2_prompt,reworded_prompt,False,-0.06512450439516781,0.0,False,
0000471,rule_4,compliant,level1_image,blur,False,0.11405135679339606,0.9107632239043804,False,
0000471,rule_4,compliant,level1_image,low_light,False,0.023215128315819622,0.9808674277852822,False,
0000471,rule_4,compliant,level1_image,occlude,False,-0.00912092342263171,0.9822970474673829,False,
0000471,rule_4,compliant,level1_image,contrast_shift,False,0.002472714033155188,0.9846939811537085,False,
0000471,rule_4,compliant,level2_prompt,reworded_prompt,,,,,rule_4_has_no_second_phrasing
0000478,rule_3,fall_hazard,level1_image,blur,False,0.00740679120644927,0.28503702394203684,False,
0000478,rule_3,fall_hazard,level1_image,low_light,False,-0.016935948191011074,0.9760305938077328,False,
0000478,rule_3,fall_hazard,level1_image,occlude,True,0.010869602572971204,0.44734022964251663,False,
0000478,rule_3,fall_hazard,level1_image,contrast_shift,False,-0.019615855284168204,0.9962381974688894,False,
0000478,rule_3,fall_hazard,level2_prompt,reworded_prompt,False,-0.06856189280127489,0.9938145444200686,False,
0000486,rule_4,compliant,level1_image,blur,False,-0.16363540877188953,1.0,False,
0000486,rule_4,compliant,level1_image,low_light,False,-0.034499906717602835,1.0,False,
0000486,rule_4,compliant,level1_image,occlude,True,0.0015789447932235134,1.0,True,
0000486,rule_4,compliant,level1_image,contrast_shift,False,-0.017568113413198083,1.0,False,
0000486,rule_4,compliant,level2_prompt,reworded_prompt,,,,,rule_4_has_no_second_phrasing
0000490,rule_4,struck_by_risk,level1_image,blur,True,0.09300065945301739,0.9463584141396894,False,
0000490,rule_4,struck_by_risk,level1_image,low_light,False,-0.0017308266981254095,1.0,False,
0000490,rule_4,struck_by_risk,level1_image,occlude,False,-0.06532735771912368,0.0,False,
0000490,rule_4,struck_by_risk,level1_image,contrast_shift,False,0.012533026791754165,0.9943502256633837,False,
0000490,rule_4,struck_by_risk,level2_prompt,reworded_prompt,,,,,rule_4_has_no_second_phrasing
0000503,rule_3,compliant,level1_image,blur,False,-0.04812149877672067,0.0,False,
0000503,rule_3,compliant,level1_image,low_light,False,-0.002233144161956524,0.8947371004104258,False,
0000503,rule_3,compliant,level1_image,occlude,True,0.015154345094093302,0.950707072908755,False,
0000503,rule_3,compliant,level1_image,contrast_shift,False,0.008989784933094547,0.9639932707507871,False,
0000503,rule_3,compliant,level2_prompt,reworded_prompt,False,-0.013205055820031175,0.8831172148235309,False,
0000514,rule_1,compliant,level1_image,blur,False,0.07878729780869831,0.6321842529789039,False,
0000514,rule_1,compliant,level1_image,low_light,False,-0.0038730643157447453,0.9610637779438446,False,
0000514,rule_1,compliant,level1_image,occlude,False,-0.004393319599330425,0.6463021023508739,False,
0000514,rule_1,compliant,level1_image,contrast_shift,False,0.009090681427291525,0.9373264230791327,False,
0000514,rule_1,compliant,level2_prompt,reworded_prompt,False,-0.017147639935666814,0.03256705878584628,False,
0000530,rule_4,compliant,level1_image,blur,False,-0.35478657485129683,0.014408576672382841,False,
0000530,rule_4,compliant,level1_image,low_light,False,-0.006901375358066897,0.9911504424778761,False,
0000530,rule_4,compliant,level1_image,occlude,False,-0.0275952909437438,1.0,False,
0000530,rule_4,compliant,level1_image,contrast_shift,False,-0.03882541814966811,0.9824561403508771,False,
0000530,rule_4,compliant,level2_prompt,reworded_prompt,,,,,rule_4_has_no_second_phrasing
0000545,rule_1,ppe_violation,level1_image,blur,False,0.030868607440165063,0.7988550051952389,False,
0000545,rule_1,ppe_violation,level1_image,low_light,False,-0.014506313284592953,0.9789476896587171,False,
0000545,rule_1,ppe_violation,level1_image,occlude,False,-0.019666621860648936,0.6498404320571528,False,
0000545,rule_1,ppe_violation,level1_image,contrast_shift,False,0.013672866991588095,0.9908260590939917,False,
0000545,rule_1,ppe_violation,level2_prompt,reworded_prompt,False,-0.08972651655362418,0.0,False,
0000550,rule_3,fall_hazard,level1_image,blur,True,-0.08134562415736057,0.11307948835224188,False,
0000550,rule_3,fall_hazard,level1_image,low_light,False,0.009665913513994706,0.9975902960801541,False,
0000550,rule_3,fall_hazard,level1_image,occlude,False,0.01760873112029271,0.9921628346357045,False,
0000550,rule_3,fall_hazard,level1_image,contrast_shift,False,-0.019965479815644782,1.0,False,
0000550,rule_3,fall_hazard,level2_prompt,reworded_prompt,False,-0.04984769900329411,0.9975844753810109,False,
0000551,rule_4,compliant,level1_image,blur,True,0.11174724168537109,0.2252942880461274,False,
0000551,rule_4,compliant,level1_image,low_light,False,-0.030711870574067435,0.990033253156008,False,
0000551,rule_4,compliant,level1_image,occlude,False,0.02251912889062857,0.9966442424815957,False,
0000551,rule_4,compliant,level1_image,contrast_shift,True,0.010757921375015855,0.9887203395865143,False,
0000551,rule_4,compliant,level2_prompt,reworded_prompt,,,,,rule_4_has_no_second_phrasing
0000559,rule_4,compliant,level1_image,blur,False,0.11422906727308302,0.9499358805919694,False,
0000559,rule_4,compliant,level1_image,low_light,False,0.01722495730907192,0.988152851187248,False,
0000559,rule_4,compliant,level1_image,occlude,True,0.0005998292048625675,0.0,True,
0000559,rule_4,compliant,level1_image,contrast_shift,False,0.023684713339048646,0.9925282790809101,False,
0000559,rule_4,compliant,level2_prompt,reworded_prompt,,,,,rule_4_has_no_second_phrasing
0000568,rule_1,compliant,level1_image,blur,False,0.059572004912687215,0.0,False,
0000568,rule_1,compliant,level1_image,low_light,False,-0.00940421210335829,0.9645028031004691,False,
0000568,rule_1,compliant,level1_image,occlude,True,0.0004215185929622445,0.9459545447076192,False,
0000568,rule_1,compliant,level1_image,contrast_shift,False,-0.004764705763331434,0.9651495734916374,False,
0000568,rule_1,compliant,level2_prompt,reworded_prompt,False,-0.017517168413509032,0.0,False,
0000606,rule_3,fall_hazard,level1_image,blur,False,0.04922887930713071,0.6505941543781977,False,
0000606,rule_3,fall_hazard,level1_image,low_light,False,0.05328423570331542,0.7362829779611345,False,
0000606,rule_3,fall_hazard,level1_image,occlude,True,-0.0009033019055745273,0.4602619310065778,False,
0000606,rule_3,fall_hazard,level1_image,contrast_shift,False,0.01343504020145958,0.9970414400044143,False,
0000606,rule_3,fall_hazard,level2_prompt,reworded_prompt,False,-0.028865152737125754,0.8728942494410595,False,
0000613,rule_4,compliant,level1_image,blur,True,0.11540036932002384,0.9062197836767358,False,
0000613,rule_4,compliant,level1_image,low_light,True,0.07693651396558332,0.9367178043325599,False,
0000613,rule_4,compliant,level1_image,occlude,False,0.03794964385402,0.40500065272413427,False,
0000613,rule_4,compliant,level1_image,contrast_shift,True,0.08204101322853308,0.9878666645205938,False,
0000613,rule_4,compliant,level2_prompt,reworded_prompt,,,,,rule_4_has_no_second_phrasing
0000620,rule_2,compliant,level1_image,blur,True,0.11007619728035378,,False,
0000620,rule_2,compliant,level1_image,low_light,False,0.056004584535539914,,False,
0000620,rule_2,compliant,level1_image,occlude,False,0.019367352961013107,,False,
0000620,rule_2,compliant,level1_image,contrast_shift,False,0.05653398859991432,,False,
0000620,rule_2,compliant,level2_prompt,reworded_prompt,False,-0.05609509337042995,,False,
0000623,rule_1,ppe_violation,level1_image,blur,False,0.02359824993514592,0.6554720506731516,False,
0000623,rule_1,ppe_violation,level1_image,low_light,False,0.014223155898175133,1.0,False,
0000623,rule_1,ppe_violation,level1_image,occlude,False,0.005568609473162511,0.9476821633748947,False,
0000623,rule_1,ppe_violation,level1_image,contrast_shift,False,-0.0003674984909594059,0.9285951223356533,False,
0000623,rule_1,ppe_violation,level2_prompt,reworded_prompt,False,-0.031284450595690405,0.0,False,
0000625,rule_3,compliant,level1_image,blur,False,0.016851700682725235,1.0,False,
0000625,rule_3,compliant,level1_image,low_light,False,-0.07274387994160258,1.0,False,
0000625,rule_3,compliant,level1_image,occlude,True,-0.048787601935189384,,False,
0000625,rule_3,compliant,level1_image,contrast_shift,False,-0.06634747729237589,1.0,False,
0000625,rule_3,compliant,level2_prompt,reworded_prompt,False,-0.004825671012393951,0.6472945946429043,False,
0000626,rule_3,fall_hazard,level1_image,blur,True,-0.1429004076741297,0.08878590448542772,False,
0000626,rule_3,fall_hazard,level1_image,low_light,True,-0.022987086680673396,0.0,False,
0000626,rule_3,fall_hazard,level1_image,occlude,False,-0.06927230960822528,0.9596519059609272,False,
0000626,rule_3,fall_hazard,level1_image,contrast_shift,False,-0.004386677739343536,0.8878648491852505,False,
0000626,rule_3,fall_hazard,level2_prompt,reworded_prompt,False,-0.05318765554370153,0.9966102212744509,False,
0000632,rule_3,compliant,level1_image,blur,False,0.10981023211729635,0.39579155099727054,False,
0000632,rule_3,compliant,level1_image,low_light,False,-0.011782533605583012,1.0,False,
0000632,rule_3,compliant,level1_image,occlude,False,-0.013883435267156852,1.0,False,
0000632,rule_3,compliant,level1_image,contrast_shift,False,0.006364845471190539,1.0,False,
0000632,rule_3,compliant,level2_prompt,reworded_prompt,False,-0.042134310869086145,0.9974683928157366,False,
0000641,rule_1,ppe_violation,level1_image,blur,False,-0.03835480839812322,0.0,False,
0000641,rule_1,ppe_violation,level1_image,low_light,False,-0.029589048320693534,1.0,False,
0000641,rule_1,ppe_violation,level1_image,occlude,True,0.024879909220284713,0.9772719259764032,False,
0000641,rule_1,ppe_violation,level1_image,contrast_shift,False,0.12548088611635788,0.9643877035959355,False,
0000641,rule_1,ppe_violation,level2_prompt,reworded_prompt,True,-0.0739532964812083,0.0,False,
0000642,rule_2,compliant,level1_image,blur,False,-0.09827088539637785,0.013118425402575518,False,
0000642,rule_2,compliant,level1_image,low_light,False,-0.003945956256107608,0.041376002712096495,False,
0000642,rule_2,compliant,level1_image,occlude,True,-0.07333984077590838,,True,
0000642,rule_2,compliant,level1_image,contrast_shift,False,0.012728243101654213,0.6906475294697854,False,
0000642,rule_2,compliant,level2_prompt,reworded_prompt,True,-0.13591787564967373,,False,
0000745,rule_3,compliant,level1_image,blur,False,0.019594405167957962,0.47597600882805324,False,
0000745,rule_3,compliant,level1_image,low_light,False,0.07604803105017971,0.0909667895951657,False,
0000745,rule_3,compliant,level1_image,occlude,False,-0.014083898209219514,0.1412542782497152,True,
0000745,rule_3,compliant,level1_image,contrast_shift,False,0.003368622523599485,0.9970640300560379,False,
0000745,rule_3,compliant,level2_prompt,reworded_prompt,False,-0.013872265427683717,0.19364063230829495,False,
0000755,rule_1,compliant,level1_image,blur,False,0.05852687673731927,0.00018072246849161426,False,
0000755,rule_1,compliant,level1_image,low_light,False,0.02146826524819645,0.7333360836813699,False,
0000755,rule_1,compliant,level1_image,occlude,False,-0.009839358074324456,0.8115979776303404,False,
0000755,rule_1,compliant,level1_image,contrast_shift,False,0.002955361934644851,0.8555573828418424,False,
0000755,rule_1,compliant,level2_prompt,reworded_prompt,False,-0.04019158604470163,0.3880608232140396,False,
0000760,rule_1,compliant,level1_image,blur,False,0.10837929303358718,0.8199613357622629,False,
0000760,rule_1,compliant,level1_image,low_light,False,0.0006454459923719291,0.9571426633804564,False,
0000760,rule_1,compliant,level1_image,occlude,False,-0.05111350312030738,0.9587087168061321,False,
0000760,rule_1,compliant,level1_image,contrast_shift,False,0.00434093197275498,0.9714287651909722,False,
0000760,rule_1,compliant,level2_prompt,reworded_prompt,True,-0.0690850712443617,0.0,False,
0000766,rule_1,ppe_violation,level1_image,blur,False,0.155201991737288,0.0,False,
0000766,rule_1,ppe_violation,level1_image,low_light,False,0.030832616612315178,0.7755578076961943,False,
0000766,rule_1,ppe_violation,level1_image,occlude,False,0.00860196338700403,0.8494205119537042,False,
0000766,rule_1,ppe_violation,level1_image,contrast_shift,False,0.0029556709341704845,0.8494205119537042,False,
0000766,rule_1,ppe_violation,level2_prompt,reworded_prompt,False,-0.052046984010799324,0.14184401256487691,False,
0000798,rule_3,compliant,level1_image,blur,False,0.038639540459005195,0.7518610253622284,False,
0000798,rule_3,compliant,level1_image,low_light,False,0.003787164642874652,1.0,False,
0000798,rule_3,compliant,level1_image,occlude,True,-0.05983797996304929,1.0,False,
0000798,rule_3,compliant,level1_image,contrast_shift,True,-0.021631008047344524,0.9825073320784251,False,
0000798,rule_3,compliant,level2_prompt,reworded_prompt,False,-0.029651784700238104,0.9910978824669243,False,
0000804,rule_1,compliant,level1_image,blur,False,-0.024564458190330374,0.004063234879468972,False,
0000804,rule_1,compliant,level1_image,low_light,False,0.023616038928074512,0.982456471743822,False,
0000804,rule_1,compliant,level1_image,occlude,False,-0.03898594879473638,0.9861119422005031,False,
0000804,rule_1,compliant,level1_image,contrast_shift,False,0.021014210368905717,0.9526839421570006,False,
0000804,rule_1,compliant,level2_prompt,reworded_prompt,False,-0.06372875855727633,0.12105166326349946,False,
0000874,rule_2,fall_hazard,level1_image,blur,False,-0.03569962914168301,0.0019347328093001605,False,
0000874,rule_2,fall_hazard,level1_image,low_light,False,-0.009109353763051331,0.9145712690061515,False,
0000874,rule_2,fall_hazard,level1_image,occlude,False,-0.09671174255225312,0.0027195258184755547,True,
0000874,rule_2,fall_hazard,level1_image,contrast_shift,False,0.009086010728164506,0.6212119746841411,False,
0000874,rule_2,fall_hazard,level2_prompt,reworded_prompt,True,-0.12157247868728716,,False,
0000878,rule_4,struck_by_risk,level1_image,blur,False,0.017561730324894498,1.0,False,
0000878,rule_4,struck_by_risk,level1_image,low_light,False,0.006768087928111788,1.0,False,
0000878,rule_4,struck_by_risk,level1_image,occlude,False,0.02180072182154913,1.0,False,
0000878,rule_4,struck_by_risk,level1_image,contrast_shift,False,0.012934782102212772,1.0,False,
0000878,rule_4,struck_by_risk,level2_prompt,reworded_prompt,,,,,rule_4_has_no_second_phrasing
0000879,rule_1,compliant,level1_image,blur,False,0.01949776824386351,0.0007028087485780832,False,
0000879,rule_1,compliant,level1_image,low_light,False,-0.05535073777926813,0.8642779477194307,False,
0000879,rule_1,compliant,level1_image,occlude,False,-0.0719893203516091,0.9257141424682845,False,
0000879,rule_1,compliant,level1_image,contrast_shift,False,-0.02982174645044966,0.9615380853357226,False,
0000879,rule_1,compliant,level2_prompt,reworded_prompt,False,-0.03153202657333831,0.045603768228093394,False,
0000886,rule_2,compliant,level1_image,blur,True,0.11517372587695718,0.0,False,
0000886,rule_2,compliant,level1_image,low_light,False,0.022342913451471436,0.9838702978877354,False,
0000886,rule_2,compliant,level1_image,occlude,False,0.004622983712968987,1.0,False,
0000886,rule_2,compliant,level1_image,contrast_shift,False,0.019124670153749745,0.9918694244956847,False,
0000886,rule_2,compliant,level2_prompt,reworded_prompt,False,-0.14044017624109983,0.07952045288103815,False,
0000888,rule_4,compliant,level1_image,blur,True,0.0029575548533882223,,False,
0000888,rule_4,compliant,level1_image,low_light,False,0.002194034905424247,,False,
0000888,rule_4,compliant,level1_image,occlude,False,-0.010845118565928402,,False,
0000888,rule_4,compliant,level1_image,contrast_shift,False,-0.012501802301359444,,False,
0000888,rule_4,compliant,level2_prompt,reworded_prompt,,,,,rule_4_has_no_second_phrasing
0000889,rule_4,compliant,level1_image,blur,False,0.14753979018756325,0.9481797499519592,False,
0000889,rule_4,compliant,level1_image,low_light,True,-0.001777097050632781,0.9842082923305553,False,
0000889,rule_4,compliant,level1_image,occlude,True,0.022368693349016477,0.9836867304399438,True,
0000889,rule_4,compliant,level1_image,contrast_shift,False,0.013346146851304974,0.9937465513106735,False,
0000889,rule_4,compliant,level2_prompt,reworded_prompt,,,,,rule_4_has_no_second_phrasing
0000895,rule_3,fall_hazard,level1_image,blur,True,-0.031878085355415475,0.09664016856897266,False,
0000895,rule_3,fall_hazard,level1_image,low_light,False,-0.021883897350302828,0.9907692779243809,False,
0000895,rule_3,fall_hazard,level1_image,occlude,True,-0.026701427109184772,0.09664016856897266,False,
0000895,rule_3,fall_hazard,level1_image,contrast_shift,True,-0.03914362338504618,0.09664016856897266,False,
0000895,rule_3,fall_hazard,level2_prompt,reworded_prompt,False,-0.04564703131715464,0.9905220140821294,False,
0000904,rule_2,compliant,level1_image,blur,False,-0.02708000762920293,0.19822706869156662,False,
0000904,rule_2,compliant,level1_image,low_light,False,0.10453749581107069,0.9466659137745669,False,
0000904,rule_2,compliant,level1_image,occlude,False,0.01845593883522917,0.9333327289475964,False,
0000904,rule_2,compliant,level1_image,contrast_shift,False,0.020379253463553515,0.9594592984626664,False,
0000904,rule_2,compliant,level2_prompt,reworded_prompt,True,-0.19026731544484698,0.006755088220364399,False,
0000905,rule_3,compliant,level1_image,blur,False,0.022804154016609735,0.9693989093921296,False,
0000905,rule_3,compliant,level1_image,low_light,False,0.013566480749952037,1.0,False,
0000905,rule_3,compliant,level1_image,occlude,False,0.0012983194818454447,1.0,False,
0000905,rule_3,compliant,level1_image,contrast_shift,False,0.006846972940755758,0.9988738719173145,False,
0000905,rule_3,compliant,level2_prompt,reworded_prompt,False,-0.029750283859256266,1.0,False,
0000923,rule_2,compliant,level1_image,blur,False,-0.022558346959503872,0.02521677486343117,False,
0000923,rule_2,compliant,level1_image,low_light,False,0.08940793019668258,0.8790409018405502,False,
0000923,rule_2,compliant,level1_image,occlude,True,-0.08726006429028377,,False,
0000923,rule_2,compliant,level1_image,contrast_shift,False,0.1066075259881033,0.9945357418809722,False,
0000923,rule_2,compliant,level2_prompt,reworded_prompt,True,-0.13784859143197536,,False,
0000925,rule_2,fall_hazard,level1_image,blur,False,-0.04957208768928267,0.0020819166123051346,False,
0000925,rule_2,fall_hazard,level1_image,low_light,False,0.04331063143243752,0.8897320070150716,False,
0000925,rule_2,fall_hazard,level1_image,occlude,False,0.007527330491159723,0.9736835060580048,False,
0000925,rule_2,fall_hazard,level1_image,contrast_shift,False,0.03583442270090542,0.0,False,
0000925,rule_2,fall_hazard,level2_prompt,reworded_prompt,False,-0.041313764988444746,0.0027733559700067003,False,
0000936,rule_4,compliant,level1_image,blur,True,-0.11682168727883091,0.022879881576142017,False,
0000936,rule_4,compliant,level1_image,low_light,False,0.010795193266064484,0.9961685439229445,False,
0000936,rule_4,compliant,level1_image,occlude,False,-0.05203517195251239,0.0,False,
0000936,rule_4,compliant,level1_image,contrast_shift,False,0.015506276949530606,0.9825467246451838,False,
0000936,rule_4,compliant,level2_prompt,reworded_prompt,,,,,rule_4_has_no_second_phrasing
0000940,rule_3,compliant,level1_image,blur,True,-0.007631210000475952,0.21943885951838407,False,
0000940,rule_3,compliant,level1_image,low_light,False,0.014610559546521684,0.9954544221511994,False,
0000940,rule_3,compliant,level1_image,occlude,True,0.009630922427667055,0.0,False,
0000940,rule_3,compliant,level1_image,contrast_shift,False,-0.02557664337967125,0.9954544221511994,False,
0000940,rule_3,compliant,level2_prompt,reworded_prompt,False,-0.07551966030668056,1.0,False,
0000959,rule_2,compliant,level1_image,blur,False,0.04671839478292639,0.4783842637286118,False,
0000959,rule_2,compliant,level1_image,low_light,False,0.0073426226153969765,0.9942195455478026,False,
0000959,rule_2,compliant,level1_image,occlude,False,0.023523104110998894,0.0,False,
0000959,rule_2,compliant,level1_image,contrast_shift,False,0.009513851255178452,0.9898476135101459,False,
0000959,rule_2,compliant,level2_prompt,reworded_prompt,False,-0.07271647204955412,0.0,False,
0000991,rule_3,fall_hazard,level1_image,blur,False,-0.1558732040492552,0.14270492697833048,False,
0000991,rule_3,fall_hazard,level1_image,low_light,False,-0.012176549594317132,0.890625,False,
0000991,rule_3,fall_hazard,level1_image,occlude,False,-0.09616441991446278,0.522911466247589,False,
0000991,rule_3,fall_hazard,level1_image,contrast_shift,False,-0.005371640635920438,0.8973426354412222,False,
0000991,rule_3,fall_hazard,level2_prompt,reworded_prompt,False,-0.04750334461116135,1.0,False,
0000993,rule_2,fall_hazard,level1_image,blur,True,-0.26803291830117304,0.0020321203529303097,False,
0000993,rule_2,fall_hazard,level1_image,low_light,False,-0.0034611778599875076,0.5229974160206718,False,
0000993,rule_2,fall_hazard,level1_image,occlude,False,-0.024600674398243427,0.0,False,
0000993,rule_2,fall_hazard,level1_image,contrast_shift,True,-0.06114646652713418,0.005010310248114326,False,
0000993,rule_2,fall_hazard,level2_prompt,reworded_prompt,False,-0.09788423900802923,0.0,False,
0001014,rule_3,compliant,level1_image,blur,False,-0.05985493651990381,0.0373793683500962,False,
0001014,rule_3,compliant,level1_image,low_light,False,-0.023668997521911428,0.9883039752861171,False,
0001014,rule_3,compliant,level1_image,occlude,False,-0.0929340950346419,0.0,False,
0001014,rule_3,compliant,level1_image,contrast_shift,False,-0.00944820512086153,1.0,False,
0001014,rule_3,compliant,level2_prompt,reworded_prompt,False,-0.030416678119864704,0.9781232123936249,False,
0001033,rule_4,struck_by_risk,level1_image,blur,False,0.08515238563811023,0.4836683649487511,False,
0001033,rule_4,struck_by_risk,level1_image,low_light,False,0.04813529526239413,0.9874706887577468,False,
0001033,rule_4,struck_by_risk,level1_image,occlude,True,0.02822407914532543,0.0,False,
0001033,rule_4,struck_by_risk,level1_image,contrast_shift,False,0.051127098682671956,0.9874559307841465,False,
0001033,rule_4,struck_by_risk,level2_prompt,reworded_prompt,,,,,rule_4_has_no_second_phrasing
0001071,rule_3,fall_hazard,level1_image,blur,True,0.030933723617667552,0.10138512537659075,False,
0001071,rule_3,fall_hazard,level1_image,low_light,False,0.00047792800303014804,0.9973333568431733,False,
0001071,rule_3,fall_hazard,level1_image,occlude,False,-0.014953147586701188,0.993632602015863,False,
0001071,rule_3,fall_hazard,level1_image,contrast_shift,True,0.03798064832309522,0.0,False,
0001071,rule_3,fall_hazard,level2_prompt,reworded_prompt,True,-0.053121422158761145,0.28092917440293835,False,
0001077,rule_1,ppe_violation,level1_image,blur,False,0.04313965834822364,0.00014056140927100547,False,
0001077,rule_1,ppe_violation,level1_image,low_light,False,0.005891560310763988,0.0,False,
0001077,rule_1,ppe_violation,level1_image,occlude,False,-0.0015774826918329987,0.9333315248842593,False,
0001077,rule_1,ppe_violation,level1_image,contrast_shift,False,0.01721787426088539,0.6857130954592028,False,
0001077,rule_1,ppe_violation,level2_prompt,reworded_prompt,False,-0.030156702988527018,0.0,False,
0001081,rule_3,fall_hazard,level1_image,blur,False,-0.1405343074780926,0.35585999651570693,False,
0001081,rule_3,fall_hazard,level1_image,low_light,False,-0.00944040110334754,1.0,False,
0001081,rule_3,fall_hazard,level1_image,occlude,True,-0.09521502918297686,0.25554820259891875,False,
0001081,rule_3,fall_hazard,level1_image,contrast_shift,False,-0.041139233923916385,0.6133821738971764,False,
0001081,rule_3,fall_hazard,level2_prompt,reworded_prompt,False,-0.05489406990818679,0.9939410010638162,False,
0001117,rule_1,ppe_violation,level1_image,blur,False,0.06671865783365705,0.0012578616725203334,False,
0001117,rule_1,ppe_violation,level1_image,low_light,False,0.01216396516455076,0.8026763681268373,False,
0001117,rule_1,ppe_violation,level1_image,occlude,True,0.058352232511554414,0.0,False,
0001117,rule_1,ppe_violation,level1_image,contrast_shift,False,0.0044145719813448725,0.9166659602424448,False,
0001117,rule_1,ppe_violation,level2_prompt,reworded_prompt,False,-0.04887239389460196,0.0,False,
0001151,rule_1,ppe_violation,level1_image,blur,False,-0.20121210114828825,0.0,False,
0001151,rule_1,ppe_violation,level1_image,low_light,True,-0.04045266977378292,0.0,False,
0001151,rule_1,ppe_violation,level1_image,occlude,False,-0.09508741999577197,0.0,True,
0001151,rule_1,ppe_violation,level1_image,contrast_shift,False,-0.0014542936613516355,0.6944444935017687,False,
0001151,rule_1,ppe_violation,level2_prompt,reworded_prompt,True,-0.07657880678444229,,False,
0001194,rule_3,fall_hazard,level1_image,blur,True,-0.16285205530849378,0.008273323898967044,False,
0001194,rule_3,fall_hazard,level1_image,low_light,False,0.030870606923209754,0.9566548088196664,False,
0001194,rule_3,fall_hazard,level1_image,occlude,True,-0.07064315562064838,0.865753155335912,True,
0001194,rule_3,fall_hazard,level1_image,contrast_shift,False,0.04516034739624175,0.9881657111024637,False,
0001194,rule_3,fall_hazard,level2_prompt,reworded_prompt,False,-0.13425769884553218,0.0,False,
0001229,rule_3,fall_hazard,level1_image,blur,True,-0.08292803044120467,,False,
0001229,rule_3,fall_hazard,level1_image,low_light,True,0.10189293302773017,,False,
0001229,rule_3,fall_hazard,level1_image,occlude,False,0.016227681988051912,,False,
0001229,rule_3,fall_hazard,level1_image,contrast_shift,True,0.1046343289227003,,False,
0001229,rule_3,fall_hazard,level2_prompt,reworded_prompt,True,0.013234224318275367,,False,
0001274,rule_3,fall_hazard,level1_image,blur,False,0.05592595619548646,0.13743318038606842,False,
0001274,rule_3,fall_hazard,level1_image,low_light,False,0.022487931485687063,0.9918032214069304,False,
0001274,rule_3,fall_hazard,level1_image,occlude,False,-0.031590528387044126,0.9982175128954285,False,
0001274,rule_3,fall_hazard,level1_image,contrast_shift,False,0.05287956047270981,0.9959184035504727,False,
0001274,rule_3,fall_hazard,level2_prompt,reworded_prompt,False,-0.04023063255267012,1.0,False,
0001325,rule_4,struck_by_risk,level1_image,blur,False,0.11635537658418926,0.8905626402164859,False,
0001325,rule_4,struck_by_risk,level1_image,low_light,False,0.017182218768293844,0.9973741879047933,False,
0001325,rule_4,struck_by_risk,level1_image,occlude,False,0.013518814766217746,0.9985486309757811,False,
0001325,rule_4,struck_by_risk,level1_image,contrast_shift,False,0.011546812951564789,0.9961980912073745,False,
0001325,rule_4,struck_by_risk,level2_prompt,reworded_prompt,,,,,rule_4_has_no_second_phrasing
0001431,rule_1,ppe_violation,level1_image,blur,True,0.06217086878383438,6.024082605828991e-05,False,
0001431,rule_1,ppe_violation,level1_image,low_light,False,-0.012155800126492977,0.8461549747642709,False,
0001431,rule_1,ppe_violation,level1_image,occlude,False,-0.011720919715506817,1.0,False,
0001431,rule_1,ppe_violation,level1_image,contrast_shift,False,-0.011902883382780338,1.0,False,
0001431,rule_1,ppe_violation,level2_prompt,reworded_prompt,True,0.004693675447593915,0.0,False,
0001436,rule_3,fall_hazard,level1_image,blur,False,-0.018723055786852294,0.021116379142248703,False,
0001436,rule_3,fall_hazard,level1_image,low_light,False,0.043107632248263306,0.15437442866215903,False,
0001436,rule_3,fall_hazard,level1_image,occlude,False,-0.013150873593986034,0.9887640736763539,False,
0001436,rule_3,fall_hazard,level1_image,contrast_shift,False,0.012389551315988845,0.9696634802611784,False,
0001436,rule_3,fall_hazard,level2_prompt,reworded_prompt,False,-0.04133161167717636,0.9958160693581916,False,
0001460,rule_1,ppe_violation,level1_image,blur,False,-0.12072875427719199,0.0006024069516380891,False,
0001460,rule_1,ppe_violation,level1_image,low_light,False,0.026289186972592526,0.958332891817259,False,
0001460,rule_1,ppe_violation,level1_image,occlude,False,-0.005891347037894512,0.9599995930989583,False,
0001460,rule_1,ppe_violation,level1_image,contrast_shift,False,0.010580817104450246,0.958332891817259,False,
0001460,rule_1,ppe_violation,level2_prompt,reworded_prompt,False,-0.016158406622707844,0.026036569009586747,False,
0001470,rule_1,ppe_violation,level1_image,blur,False,0.08867426037594872,0.00025100282047847125,False,
0001470,rule_1,ppe_violation,level1_image,low_light,False,-0.016597405209073046,0.9375003973644669,False,
0001470,rule_1,ppe_violation,level1_image,occlude,False,-0.0005217501893639565,0.6459351067974639,False,
0001470,rule_1,ppe_violation,level1_image,contrast_shift,False,0.02118419975574526,0.9333337854456019,False,
0001470,rule_1,ppe_violation,level2_prompt,reworded_prompt,False,-0.024822564626281962,0.0,False,
0001484,rule_3,fall_hazard,level1_image,blur,False,0.02272341302817782,0.13437193647862591,False,
0001484,rule_3,fall_hazard,level1_image,low_light,False,0.022021628317556163,0.03262785062401728,False,
0001484,rule_3,fall_hazard,level1_image,occlude,False,0.04540935786465161,0.0,False,
0001484,rule_3,fall_hazard,level1_image,contrast_shift,False,0.01237648838598815,1.0,False,
0001484,rule_3,fall_hazard,level2_prompt,reworded_prompt,False,-0.09185010939836502,1.0,False,
0001512,rule_4,struck_by_risk,level1_image,blur,False,0.08251568216771354,0.9354252502736301,False,
0001512,rule_4,struck_by_risk,level1_image,low_light,False,0.005843120582756489,0.9914772577440105,False,
0001512,rule_4,struck_by_risk,level1_image,occlude,False,0.005603144980139141,0.9933332713305115,False,
0001512,rule_4,struck_by_risk,level1_image,contrast_shift,False,0.008026736004957957,0.997163067592397,False,
0001512,rule_4,struck_by_risk,level2_prompt,reworded_prompt,,,,,rule_4_has_no_second_phrasing
0001520,rule_3,fall_hazard,level1_image,blur,False,-0.042393360087381815,0.7805611152945318,False,
0001520,rule_3,fall_hazard,level1_image,low_light,False,-0.00796511605204564,0.6134399700264451,False,
0001520,rule_3,fall_hazard,level1_image,occlude,False,-0.009464405676615995,1.0,False,
0001520,rule_3,fall_hazard,level1_image,contrast_shift,False,0.014180385574166343,0.6142284411904056,False,
0001520,rule_3,fall_hazard,level2_prompt,reworded_prompt,False,-0.08003698998234332,0.6106526293334684,False,
0001530,rule_2,fall_hazard,level1_image,blur,False,-0.07977252150885761,0.04843875923990359,False,
0001530,rule_2,fall_hazard,level1_image,low_light,True,0.09459938802574952,0.0,False,
0001530,rule_2,fall_hazard,level1_image,occlude,True,-0.014381950787667686,0.0,False,
0001530,rule_2,fall_hazard,level1_image,contrast_shift,True,0.03184885658057679,0.0,False,
0001530,rule_2,fall_hazard,level2_prompt,reworded_prompt,True,-0.09741624242936564,0.0,False,
0001597,rule_3,fall_hazard,level1_image,blur,False,0.07002296886362491,0.26824451119070586,False,
0001597,rule_3,fall_hazard,level1_image,low_light,False,0.020682935647311607,0.9852942979200129,False,
0001597,rule_3,fall_hazard,level1_image,occlude,False,0.06051734757500815,0.1362725206920928,False,
0001597,rule_3,fall_hazard,level1_image,contrast_shift,False,0.008748566133103153,0.9855070178754286,False,
0001597,rule_3,fall_hazard,level2_prompt,reworded_prompt,False,-0.02242775096629679,0.5955555605790251,False,
0001623,rule_3,fall_hazard,level1_image,blur,False,0.01045502700088985,0.35650219691504265,False,
0001623,rule_3,fall_hazard,level1_image,low_light,False,0.009289135990132147,0.9906541621693108,False,
0001623,rule_3,fall_hazard,level1_image,occlude,False,0.01170099603145247,1.0,False,
0001623,rule_3,fall_hazard,level1_image,contrast_shift,False,-0.0348614442627877,0.9845201212388942,False,
0001623,rule_3,fall_hazard,level2_prompt,reworded_prompt,False,-0.049544029248257404,1.0,False,
0001667,rule_3,fall_hazard,level1_image,blur,False,-0.057075953410406166,0.0424164283252563,False,
0001667,rule_3,fall_hazard,level1_image,low_light,False,0.01638773043773012,0.9736839463506402,False,
0001667,rule_3,fall_hazard,level1_image,occlude,True,-0.09310866646714266,,True,
0001667,rule_3,fall_hazard,level1_image,contrast_shift,False,0.009511097334325314,0.9868419702400049,False,
0001667,rule_3,fall_hazard,level2_prompt,reworded_prompt,False,-0.037207528327902195,1.0,False,
0001699,rule_2,fall_hazard,level1_image,blur,False,-0.21206523947724143,0.004251990877389398,False,
0001699,rule_2,fall_hazard,level1_image,low_light,False,-0.047523705355290824,0.957178666243242,False,
0001699,rule_2,fall_hazard,level1_image,occlude,False,-0.049199335277080536,0.8461538282890484,False,
0001699,rule_2,fall_hazard,level1_image,contrast_shift,False,-0.00573357044985251,0.9740259704614511,False,
0001699,rule_2,fall_hazard,level2_prompt,reworded_prompt,False,-0.11243432139356935,0.01706044641995443,False,
0001798,rule_3,fall_hazard,level1_image,blur,False,0.02443563106602853,0.0,False,
0001798,rule_3,fall_hazard,level1_image,low_light,True,-0.016465326039386663,1.0,False,
0001798,rule_3,fall_hazard,level1_image,occlude,False,0.0028765595385006337,0.9275491949910555,False,
0001798,rule_3,fall_hazard,level1_image,contrast_shift,True,-0.00038586596825296304,0.9845706618962433,False,
0001798,rule_3,fall_hazard,level2_prompt,reworded_prompt,False,-0.023524362800849796,0.9845706618962433,False,
0001804,rule_1,ppe_violation,level1_image,blur,False,-0.012884268337594706,0.7181254246270519,False,
0001804,rule_1,ppe_violation,level1_image,low_light,False,0.007585545236776903,0.8703123626768532,False,
0001804,rule_1,ppe_violation,level1_image,occlude,True,0.011897537125540536,0.0,False,
0001804,rule_1,ppe_violation,level1_image,contrast_shift,False,0.02480314785082416,0.9300399133204377,False,
0001804,rule_1,ppe_violation,level2_prompt,reworded_prompt,False,-0.07150318350812257,0.05364583981268943,False,
0001842,rule_1,ppe_violation,level1_image,blur,True,0.026573536717998003,0.0,False,
0001842,rule_1,ppe_violation,level1_image,low_light,False,0.0020017705724706403,0.0,False,
0001842,rule_1,ppe_violation,level1_image,occlude,False,-0.010952840293092514,0.9687502317956934,False,
0001842,rule_1,ppe_violation,level1_image,contrast_shift,False,0.014206067259822541,0.9696971876573401,False,
0001842,rule_1,ppe_violation,level2_prompt,reworded_prompt,True,-0.02260062626252579,0.0,False,
0001981,rule_3,fall_hazard,level1_image,blur,True,0.015011297705184168,0.16446922935823144,False,
0001981,rule_3,fall_hazard,level1_image,low_light,True,0.06139717676809864,0.0,False,
0001981,rule_3,fall_hazard,level1_image,occlude,True,0.05368190348547486,0.35728780477669075,False,
0001981,rule_3,fall_hazard,level1_image,contrast_shift,True,0.04948022585761336,0.0,False,
0001981,rule_3,fall_hazard,level2_prompt,reworded_prompt,True,-0.01834201274646652,0.43538540645565676,False,
0001982,rule_1,ppe_violation,level1_image,blur,True,0.10660985115516397,0.0,False,
0001982,rule_1,ppe_violation,level1_image,low_light,False,0.009345835873058816,0.8800008138020833,False,
0001982,rule_1,ppe_violation,level1_image,occlude,False,-0.0016561749258212632,1.0,False,
0001982,rule_1,ppe_violation,level1_image,contrast_shift,False,0.004639343624668446,1.0,False,
0001982,rule_1,ppe_violation,level2_prompt,reworded_prompt,False,-0.03190821502357721,0.0,False,
0001986,rule_1,ppe_violation,level1_image,blur,True,0.015475386620632192,0.0,False,
0001986,rule_1,ppe_violation,level1_image,low_light,False,0.005557540271963424,0.882141786476993,False,
0001986,rule_1,ppe_violation,level1_image,occlude,False,-0.04325099276112654,0.0,False,
0001986,rule_1,ppe_violation,level1_image,contrast_shift,True,0.02659470441618139,0.0,False,
0001986,rule_1,ppe_violation,level2_prompt,reworded_prompt,True,0.0023209722712635994,0.0,False,
0001989,rule_3,fall_hazard,level1_image,blur,False,-0.08001718111336231,0.2163605668772896,False,
0001989,rule_3,fall_hazard,level1_image,low_light,False,-0.0045920675953052825,0.9837398093822947,False,
0001989,rule_3,fall_hazard,level1_image,occlude,False,0.016502387522320694,0.08248133862524293,False,
0001989,rule_3,fall_hazard,level1_image,contrast_shift,False,-0.005761341757274163,0.994609211997618,False,
0001989,rule_3,fall_hazard,level2_prompt,reworded_prompt,False,-0.09630753989848828,0.4963858074944915,False,
0002042,rule_4,struck_by_risk,level1_image,blur,True,0.13184032663380418,0.8548225249191046,False,
0002042,rule_4,struck_by_risk,level1_image,low_light,False,0.024335592985153198,0.9960617369037076,False,
0002042,rule_4,struck_by_risk,level1_image,occlude,False,0.0665535276371334,0.9960560708560301,False,
0002042,rule_4,struck_by_risk,level1_image,contrast_shift,False,0.01447781979564633,0.9973175788018701,False,
0002042,rule_4,struck_by_risk,level2_prompt,reworded_prompt,,,,,rule_4_has_no_second_phrasing
0002092,rule_2,fall_hazard,level1_image,blur,False,0.023868903085323412,0.0,False,
0002092,rule_2,fall_hazard,level1_image,low_light,False,0.00344412254967863,0.8956996085780483,False,
0002092,rule_2,fall_hazard,level1_image,occlude,True,-0.00826564703934951,0.0,False,
0002092,rule_2,fall_hazard,level1_image,contrast_shift,False,0.010888965933450678,0.545112335238694,False,
0002092,rule_2,fall_hazard,level2_prompt,reworded_prompt,True,-0.10543408337980509,,False,
0002150,rule_3,fall_hazard,level1_image,blur,False,0.08604020858183503,0.0,False,
0002150,rule_3,fall_hazard,level1_image,low_light,False,0.025862062083823356,0.8586337498359173,False,
0002150,rule_3,fall_hazard,level1_image,occlude,False,-0.0023877393853452,0.810425938632129,False,
0002150,rule_3,fall_hazard,level1_image,contrast_shift,False,0.022011260701609525,0.8206831251852102,False,
0002150,rule_3,fall_hazard,level2_prompt,reworded_prompt,False,-0.043651369607283,0.9893617117643161,False,
0002153,rule_1,ppe_violation,level1_image,blur,False,0.07894653282672559,0.45802080201288237,False,
0002153,rule_1,ppe_violation,level1_image,low_light,False,0.00209067797377005,0.8728567893273103,False,
0002153,rule_1,ppe_violation,level1_image,occlude,False,0.001584717915171674,0.9546870169817379,False,
0002153,rule_1,ppe_violation,level1_image,contrast_shift,False,-0.0049159466954213915,0.9352037432987453,False,
0002153,rule_1,ppe_violation,level2_prompt,reworded_prompt,False,-0.037984712557359135,0.0,False,
0002158,rule_2,fall_hazard,level1_image,blur,True,-0.05898514052538506,0.0,False,
0002158,rule_2,fall_hazard,level1_image,low_light,True,-0.005938908085227013,0.0,False,
0002158,rule_2,fall_hazard,level1_image,occlude,False,-0.06214628328702276,0.0,False,
0002158,rule_2,fall_hazard,level1_image,contrast_shift,True,-0.04156495544261163,0.0,False,
0002158,rule_2,fall_hazard,level2_prompt,reworded_prompt,True,-0.13035501198222244,0.0,False,
0002178,rule_3,fall_hazard,level1_image,blur,False,0.08056956032911944,0.2837589074118317,False,
0002178,rule_3,fall_hazard,level1_image,low_light,False,0.010929210044975823,0.9259259913356918,False,
0002178,rule_3,fall_hazard,level1_image,occlude,False,0.01272994582541287,0.9277343957364795,False,
0002178,rule_3,fall_hazard,level1_image,contrast_shift,False,0.03021330491728369,0.5936926226215286,False,
0002178,rule_3,fall_hazard,level2_prompt,reworded_prompt,False,0.014602088978370786,0.5961923786486112,False,
0002211,rule_1,ppe_violation,level1_image,blur,True,0.1260501307967518,0.0,False,
0002211,rule_1,ppe_violation,level1_image,low_light,False,0.018206714785524825,0.8264453893390973,False,
0002211,rule_1,ppe_violation,level1_image,occlude,False,0.04239280887746388,0.0,False,
0002211,rule_1,ppe_violation,level1_image,contrast_shift,False,0.012269312648900965,0.8333342752349574,False,
0002211,rule_1,ppe_violation,level2_prompt,reworded_prompt,False,-0.02732798753475596,0.0,False,
0002260,rule_1,ppe_violation,level1_image,blur,False,0.014683763807018524,9.036148957926549e-05,False,
0002260,rule_1,ppe_violation,level1_image,low_light,False,-0.016239022436950856,0.9000040690104166,False,
0002260,rule_1,ppe_violation,level1_image,occlude,False,-0.005973533461136493,1.0,False,
0002260,rule_1,ppe_violation,level1_image,contrast_shift,False,0.0002122727621878262,0.9000040690104166,False,
0002260,rule_1,ppe_violation,level2_prompt,reworded_prompt,False,-0.02824891113083472,0.0,False,
0002262,rule_1,ppe_violation,level1_image,blur,False,-0.023628642316907644,0.00891436522862449,False,
0002262,rule_1,ppe_violation,level1_image,low_light,False,0.005198093530322856,0.8954077787373917,False,
0002262,rule_1,ppe_violation,level1_image,occlude,False,-0.08679258683696389,0.0,False,
0002262,rule_1,ppe_violation,level1_image,contrast_shift,False,0.008560493654970636,0.8954077787373917,False,
0002262,rule_1,ppe_violation,level2_prompt,reworded_prompt,False,-0.06649961267513305,0.06459466520405582,False,
0002291,rule_1,ppe_violation,level1_image,blur,False,0.09044519542450347,0.0,False,
0002291,rule_1,ppe_violation,level1_image,low_light,False,0.017246478370257723,0.7843129579554795,False,
0002291,rule_1,ppe_violation,level1_image,occlude,False,-0.0017026511819235868,0.8333323619988119,False,
0002291,rule_1,ppe_violation,level1_image,contrast_shift,False,-0.00703875926722386,0.66666584250391,False,
0002291,rule_1,ppe_violation,level2_prompt,reworded_prompt,False,-0.034833518364890126,0.15306080390049046,False,
0002348,rule_1,ppe_violation,level1_image,blur,False,0.050828025011079636,0.5357145750204159,False,
0002348,rule_1,ppe_violation,level1_image,low_light,False,0.008816403869007283,0.8771510671767597,False,
0002348,rule_1,ppe_violation,level1_image,occlude,True,0.02275789036814657,0.0,False,
0002348,rule_1,ppe_violation,level1_image,contrast_shift,False,-0.03487368606563124,0.9015166499950079,False,
0002348,rule_1,ppe_violation,level2_prompt,reworded_prompt,False,-0.04078386529264133,0.02190069445044215,False,
0002446,rule_4,struck_by_risk,level1_image,blur,False,0.03291924321327844,0.0,False,
0002446,rule_4,struck_by_risk,level1_image,low_light,False,0.0022532634791874173,0.9862554524266447,False,
0002446,rule_4,struck_by_risk,level1_image,occlude,True,-0.09537475492455005,0.0,True,
0002446,rule_4,struck_by_risk,level1_image,contrast_shift,False,0.0006177778991440785,0.9970930428840492,False,
0002446,rule_4,struck_by_risk,level2_prompt,reworded_prompt,,,,,rule_4_has_no_second_phrasing
0002480,rule_1,ppe_violation,level1_image,blur,False,0.01243248315794132,0.6562669064429751,False,
0002480,rule_1,ppe_violation,level1_image,low_light,False,-0.01194342199180809,0.9441840854003015,False,
0002480,rule_1,ppe_violation,level1_image,occlude,False,0.000304211662816134,0.01457228992353641,False,
0002480,rule_1,ppe_violation,level1_image,contrast_shift,False,-0.008259444031864405,0.9330761126680407,False,
0002480,rule_1,ppe_violation,level2_prompt,reworded_prompt,False,-0.07573712849989533,0.0040482783531281446,False,
0002525,rule_1,ppe_violation,level1_image,blur,False,0.007292067698602134,0.0,False,
0002525,rule_1,ppe_violation,level1_image,low_light,True,0.033563445388738566,0.0,False,
0002525,rule_1,ppe_violation,level1_image,occlude,True,0.03387154565591899,0.0,False,
0002525,rule_1,ppe_violation,level1_image,contrast_shift,False,-0.03610855500612942,0.9615380853357226,False,
0002525,rule_1,ppe_violation,level2_prompt,reworded_prompt,True,-0.008224597327749827,0.0,False,
0002534,rule_3,fall_hazard,level1_image,blur,True,0.020349767672914076,0.248641673507402,False,
0002534,rule_3,fall_hazard,level1_image,low_light,False,-0.0030179283348843455,0.9894180596630401,False,
0002534,rule_3,fall_hazard,level1_image,occlude,False,0.04393509236563531,0.7326313993548608,False,
0002534,rule_3,fall_hazard,level1_image,contrast_shift,False,0.009512350827987737,0.9946808865609912,False,
0002534,rule_3,fall_hazard,level2_prompt,reworded_prompt,False,-0.025838397857215645,0.991182479351985,False,
0002595,rule_3,fall_hazard,level1_image,blur,False,0.012670073987567365,0.318456576513026,False,
0002595,rule_3,fall_hazard,level1_image,low_light,False,0.01197519716584966,0.9759301225360909,False,
0002595,rule_3,fall_hazard,level1_image,occlude,True,-0.11775406598601312,0.0,False,
0002595,rule_3,fall_hazard,level1_image,contrast_shift,False,-0.0653755413590088,0.9175808815085247,False,
0002595,rule_3,fall_hazard,level2_prompt,reworded_prompt,False,-0.07604437078245807,0.9441773601798434,False,
0002599,rule_1,ppe_violation,level1_image,blur,False,0.026825822696283308,0.0,False,
0002599,rule_1,ppe_violation,level1_image,low_light,False,0.009418986870774249,0.9000004216245242,False,
0002599,rule_1,ppe_violation,level1_image,occlude,False,0.012371829178716487,0.9000004216245242,False,
0002599,rule_1,ppe_violation,level1_image,contrast_shift,False,0.003234962134489039,1.0,False,
0002599,rule_1,ppe_violation,level2_prompt,reworded_prompt,False,-0.018629803152924174,0.02645758223950087,False,
0002668,rule_1,ppe_violation,level1_image,blur,True,0.14847950464380633,0.0,False,
0002668,rule_1,ppe_violation,level1_image,low_light,False,0.031221609861989075,0.7222234780921462,False,
0002668,rule_1,ppe_violation,level1_image,occlude,False,0.021336110674643027,0.0,False,
0002668,rule_1,ppe_violation,level1_image,contrast_shift,False,0.015915194991976023,0.9285719475776079,False,
0002668,rule_1,ppe_violation,level2_prompt,reworded_prompt,False,-0.016781095923347977,0.0,False,
0002815,rule_2,fall_hazard,level1_image,blur,True,-0.07961028631377431,0.005135518165649186,False,
0002815,rule_2,fall_hazard,level1_image,low_light,False,0.01840308614607372,0.5284086829631224,False,
0002815,rule_2,fall_hazard,level1_image,occlude,True,-0.1036031347564711,0.005135518165649186,True,
0002815,rule_2,fall_hazard,level1_image,contrast_shift,False,0.03671046429579816,0.5236484382744996,False,
0002815,rule_2,fall_hazard,level2_prompt,reworded_prompt,False,-0.13663295488287175,,False,
0002925,rule_3,fall_hazard,level1_image,blur,True,-0.12015158404118398,0.028974068933119407,False,
0002925,rule_3,fall_hazard,level1_image,low_light,False,0.002068398054689169,0.9811321961852374,False,
0002925,rule_3,fall_hazard,level1_image,occlude,True,-0.07959124705355092,0.0,False,
0002925,rule_3,fall_hazard,level1_image,contrast_shift,True,-0.038887773573930806,0.026500050640900344,False,
0002925,rule_3,fall_hazard,level2_prompt,reworded_prompt,True,-0.040735587218983405,0.026500050640900344,False,
0002957,rule_1,ppe_violation,level1_image,blur,False,0.07358724118343418,0.09778160766419768,False,
0002957,rule_1,ppe_violation,level1_image,low_light,False,0.01476747742188822,0.8042310371924102,False,
0002957,rule_1,ppe_violation,level1_image,occlude,False,0.024303560810429614,0.0018309010019777864,False,
0002957,rule_1,ppe_violation,level1_image,contrast_shift,False,0.02773513525192217,0.9523804910421263,False,
0002957,rule_1,ppe_violation,level2_prompt,reworded_prompt,False,-0.03886813458732585,0.015706824639962334,False,
0003067,rule_1,ppe_violation,level1_image,blur,False,-0.002269346333507949,0.0,False,
0003067,rule_1,ppe_violation,level1_image,low_light,False,-0.0008896520760441895,1.0,False,
0003067,rule_1,ppe_violation,level1_image,occlude,False,-0.0069797533963407155,0.20267236019869428,False,
0003067,rule_1,ppe_violation,level1_image,contrast_shift,False,0.013560584812824183,0.9729732051800856,False,
0003067,rule_1,ppe_violation,level2_prompt,reworded_prompt,False,-0.026278013363480568,0.0,False,
0003071,rule_1,ppe_violation,level1_image,blur,False,0.03657293213265289,0.9062480118544104,False,
0003071,rule_1,ppe_violation,level1_image,low_light,False,0.013362386929137382,0.9949999504089482,False,
0003071,rule_1,ppe_violation,level1_image,occlude,False,0.010284329897590982,1.0,False,
0003071,rule_1,ppe_violation,level1_image,contrast_shift,False,0.008929284023387107,0.994949443594724,False,
0003071,rule_1,ppe_violation,level2_prompt,reworded_prompt,False,-0.03148836676370015,0.0,False,
0003088,rule_4,struck_by_risk,level1_image,blur,True,0.1528683793213632,0.37743091385950317,False,
0003088,rule_4,struck_by_risk,level1_image,low_light,False,0.021221642692883846,0.9966498254852383,False,
0003088,rule_4,struck_by_risk,level1_image,occlude,False,0.051891506782599905,0.8913181345553636,False,
0003088,rule_4,struck_by_risk,level1_image,contrast_shift,False,0.022027229387608815,0.9983277705758613,False,
0003088,rule_4,struck_by_risk,level2_prompt,reworded_prompt,,,,,rule_4_has_no_second_phrasing
0003164,rule_1,ppe_violation,level1_image,blur,True,0.055912640344883635,0.0,False,
0003164,rule_1,ppe_violation,level1_image,low_light,False,-0.0021244999287384214,0.8963593204310568,False,
0003164,rule_1,ppe_violation,level1_image,occlude,False,-0.005813848626400775,0.8963593204310568,False,
0003164,rule_1,ppe_violation,level1_image,contrast_shift,False,-0.0014995800863419895,0.8963593204310568,False,
0003164,rule_1,ppe_violation,level2_prompt,reworded_prompt,False,-0.021430958570404557,0.02111603735407255,False,
0003206,rule_1,ppe_violation,level1_image,blur,False,0.09657247404434854,0.0,False,
0003206,rule_1,ppe_violation,level1_image,low_light,False,-0.04041280743799036,1.0,False,
0003206,rule_1,ppe_violation,level1_image,occlude,False,-0.0758500638018762,0.9523809242230526,False,
0003206,rule_1,ppe_violation,level1_image,contrast_shift,False,-0.04407459763543953,0.9160295203516812,False,
0003206,rule_1,ppe_violation,level2_prompt,reworded_prompt,False,-0.054044111123816574,0.0,False,
0003302,rule_1,ppe_violation,level1_image,blur,False,0.04873716345589074,0.0,False,
0003302,rule_1,ppe_violation,level1_image,low_light,False,0.05517690701942357,0.0,False,
0003302,rule_1,ppe_violation,level1_image,occlude,False,0.0003095102895583901,1.0,False,
0003302,rule_1,ppe_violation,level1_image,contrast_shift,False,0.03252235341018872,0.8441575798996296,False,
0003302,rule_1,ppe_violation,level2_prompt,reworded_prompt,True,-0.017535747960209846,0.0,False,
0003339,rule_1,ppe_violation,level1_image,blur,True,0.06291357787946861,0.0,False,
0003339,rule_1,ppe_violation,level1_image,low_light,False,-0.025939002012213053,0.9659091901589535,False,
0003339,rule_1,ppe_violation,level1_image,occlude,True,-0.08377689939169652,1.0,False,
0003339,rule_1,ppe_violation,level1_image,contrast_shift,False,-0.019013302600277338,0.9888889175383633,False,
0003339,rule_1,ppe_violation,level2_prompt,reworded_prompt,True,-0.10089429535649042,0.0,False,
0003429,rule_1,ppe_violation,level1_image,blur,True,0.02670830488204956,0.0,False,
0003429,rule_1,ppe_violation,level1_image,low_light,False,-0.009732046563710517,0.9677422331968794,False,
0003429,rule_1,ppe_violation,level1_image,occlude,True,-0.03392231757087372,0.0,False,
0003429,rule_1,ppe_violation,level1_image,contrast_shift,False,-0.0019698117061385245,0.8823539311502907,False,
0003429,rule_1,ppe_violation,level2_prompt,reworded_prompt,True,0.013319794461131074,0.0,False,
0003479,rule_2,fall_hazard,level1_image,blur,False,-0.1151451922759607,0.5022738191798816,False,
0003479,rule_2,fall_hazard,level1_image,low_light,False,-0.02568751084618276,0.9263563751608374,False,
0003479,rule_2,fall_hazard,level1_image,occlude,False,-0.04345132769750698,0.9338368379996772,False,
0003479,rule_2,fall_hazard,level1_image,contrast_shift,False,-0.066594718622842,0.33839098191489675,False,
0003479,rule_2,fall_hazard,level2_prompt,reworded_prompt,False,-0.1611955855041743,0.0191967106803252,False,
0003516,rule_1,ppe_violation,level1_image,blur,False,-0.007068879293576136,0.0002670669150839247,False,
0003516,rule_1,ppe_violation,level1_image,low_light,False,0.010474817162113514,0.83443761477377,False,
0003516,rule_1,ppe_violation,level1_image,occlude,False,-0.011315354146063328,1.0,False,
0003516,rule_1,ppe_violation,level1_image,contrast_shift,False,0.0048640879935452075,0.7037035448511101,False,
0003516,rule_1,ppe_violation,level2_prompt,reworded_prompt,False,-0.04480717906897713,0.02714925186562653,False,
0003613,rule_3,fall_hazard,level1_image,blur,False,0.102019811284493,0.8773684117807855,False,
0003613,rule_3,fall_hazard,level1_image,low_light,False,0.0392039155812709,0.9967320551707874,False,
0003613,rule_3,fall_hazard,level1_image,occlude,True,-0.07317036201993188,,False,
0003613,rule_3,fall_hazard,level1_image,contrast_shift,False,0.018908956589607118,0.9918777813037704,False,
0003613,rule_3,fall_hazard,level2_prompt,reworded_prompt,False,-0.030885957181453705,0.0,False,
0003632,rule_2,fall_hazard,level1_image,blur,False,-0.05943535961809443,0.013317246030143228,False,
0003632,rule_2,fall_hazard,level1_image,low_light,False,0.058278370936888924,0.7473870365166351,False,
0003632,rule_2,fall_hazard,level1_image,occlude,False,-0.127707380548993,0.010373451258571796,False,
0003632,rule_2,fall_hazard,level1_image,contrast_shift,False,0.011779072295342141,1.0,False,
0003632,rule_2,fall_hazard,level2_prompt,reworded_prompt,True,-0.15198152553704047,,False,
0003813,rule_4,struck_by_risk,level1_image,blur,False,0.08951439282723839,0.8580995504026621,False,
0003813,rule_4,struck_by_risk,level1_image,low_light,False,0.0053808548384243204,0.9906572049034043,False,
0003813,rule_4,struck_by_risk,level1_image,occlude,False,0.06297622041569828,0.7051080705530797,False,
0003813,rule_4,struck_by_risk,level1_image,contrast_shift,False,0.005829749008019802,0.9963898552379875,False,
0003813,rule_4,struck_by_risk,level2_prompt,reworded_prompt,,,,,rule_4_has_no_second_phrasing
0003922,rule_1,ppe_violation,level1_image,blur,False,0.11115567950371197,0.00039256936253536805,False,
0003922,rule_1,ppe_violation,level1_image,low_light,True,0.05596466521108223,0.8186050679427397,False,
0003922,rule_1,ppe_violation,level1_image,occlude,True,0.013330972528310281,,False,
0003922,rule_1,ppe_violation,level1_image,contrast_shift,False,0.07739992984212363,0.7621829353080912,False,
0003922,rule_1,ppe_violation,level2_prompt,reworded_prompt,True,-0.02828423607656183,,False,
0003928,rule_1,ppe_violation,level1_image,blur,False,-0.15460333322352238,0.0002530122649618106,False,
0003928,rule_1,ppe_violation,level1_image,low_light,False,-0.0301425929314324,0.4200020646484791,False,
0003928,rule_1,ppe_violation,level1_image,occlude,False,-0.053561204512204474,0.4421088566922489,False,
0003928,rule_1,ppe_violation,level1_image,contrast_shift,False,-0.03185162347342296,0.40645325528077986,False,
0003928,rule_1,ppe_violation,level2_prompt,reworded_prompt,True,-0.049507815898819474,0.0,False,
0003943,rule_1,ppe_violation,level1_image,blur,False,0.12520238048663102,0.0,False,
0003943,rule_1,ppe_violation,level1_image,low_light,True,0.0518036939735923,0.3500004591770417,False,
0003943,rule_1,ppe_violation,level1_image,occlude,False,0.024207722262612363,0.1521736619051594,False,
0003943,rule_1,ppe_violation,level1_image,contrast_shift,False,0.018625896956239507,0.5000000756884355,False,
0003943,rule_1,ppe_violation,level2_prompt,reworded_prompt,False,-0.0586747145280242,0.039971159176846544,False,
0004032,rule_3,fall_hazard,level1_image,blur,True,-0.055429029411503294,0.16295628894582473,False,
0004032,rule_3,fall_hazard,level1_image,low_light,False,-0.010689393151551485,0.9915256246369392,False,
0004032,rule_3,fall_hazard,level1_image,occlude,False,0.0018536348028906913,0.0,False,
0004032,rule_3,fall_hazard,level1_image,contrast_shift,False,0.0003148122424525557,1.0,False,
0004032,rule_3,fall_hazard,level2_prompt,reworded_prompt,False,-0.04812330436996293,1.0,False,
0004171,rule_1,ppe_violation,level1_image,blur,False,-0.014714897698944629,0.00027309122290249685,False,
0004171,rule_1,ppe_violation,level1_image,low_light,False,0.0281157485275928,0.6363652147437778,False,
0004171,rule_1,ppe_violation,level1_image,occlude,False,-0.0002204423238124642,0.7953198762582243,False,
0004171,rule_1,ppe_violation,level1_image,contrast_shift,False,0.009937029132353392,0.8360700654380019,False,
0004171,rule_1,ppe_violation,level2_prompt,reworded_prompt,False,-0.06578048022294591,0.0,False,
0004196,rule_4,struck_by_risk,level1_image,blur,False,0.13271828539787778,0.7244934190042513,False,
0004196,rule_4,struck_by_risk,level1_image,low_light,False,0.044596578157137357,0.9135339426182723,False,
0004196,rule_4,struck_by_risk,level1_image,occlude,True,-0.0019392821760404466,0.20971396933456515,False,
0004196,rule_4,struck_by_risk,level1_image,contrast_shift,False,0.011948612710786177,0.9896550680879556,False,
0004196,rule_4,struck_by_risk,level2_prompt,reworded_prompt,,,,,rule_4_has_no_second_phrasing
0004273,rule_1,ppe_violation,level1_image,blur,False,0.07540226437240138,0.00040963721735393283,False,
0004273,rule_1,ppe_violation,level1_image,low_light,True,0.04627605035368898,0.8589477257269442,False,
0004273,rule_1,ppe_violation,level1_image,occlude,False,0.0021430401663695697,0.9166657836345179,False,
0004273,rule_1,ppe_violation,level1_image,contrast_shift,False,0.013178783335856092,0.958332891817259,False,
0004273,rule_1,ppe_violation,level2_prompt,reworded_prompt,False,-0.03987928877838631,0.01872082989123087,False,
0004332,rule_1,ppe_violation,level1_image,blur,False,0.07178913389465646,0.805871176191268,False,
0004332,rule_1,ppe_violation,level1_image,low_light,False,-0.03211821668914383,1.0,False,
0004332,rule_1,ppe_violation,level1_image,occlude,False,-0.024106052305017167,1.0,False,
0004332,rule_1,ppe_violation,level1_image,contrast_shift,False,-0.008097286469170073,0.9909910515368305,False,
0004332,rule_1,ppe_violation,level2_prompt,reworded_prompt,False,-0.024768628857352537,0.0,False,
0004380,rule_1,ppe_violation,level1_image,blur,True,0.02358345996419131,0.0007158613575202583,False,
0004380,rule_1,ppe_violation,level1_image,low_light,False,0.02030109339171937,0.639550321773281,False,
0004380,rule_1,ppe_violation,level1_image,occlude,True,-0.024076536918679947,0.0,False,
0004380,rule_1,ppe_violation,level1_image,contrast_shift,False,0.024596867550696677,0.9687501986822334,False,
0004380,rule_1,ppe_violation,level2_prompt,reworded_prompt,True,-0.0478638222610408,0.0,False,
0004497,rule_1,ppe_violation,level1_image,blur,False,0.05331256374257143,0.0007871439567083704,False,
0004497,rule_1,ppe_violation,level1_image,low_light,False,0.0055793269005204316,0.7295920775335356,False,
0004497,rule_1,ppe_violation,level1_image,occlude,False,0.005113194430512946,0.8290832291488022,False,
0004497,rule_1,ppe_violation,level1_image,contrast_shift,False,-0.0007936267980508394,0.8290818865212565,False,
0004497,rule_1,ppe_violation,level2_prompt,reworded_prompt,False,-0.08119999680837453,0.0,False,
0004552,rule_3,fall_hazard,level1_image,blur,False,0.015838001766020404,0.09912410463236242,False,
0004552,rule_3,fall_hazard,level1_image,low_light,False,-0.015535393108924156,0.545408890853636,False,
0004552,rule_3,fall_hazard,level1_image,occlude,True,-0.08410860200057779,0.043883112018839994,False,
0004552,rule_3,fall_hazard,level1_image,contrast_shift,False,-0.009952292622377401,0.5448504845847806,False,
0004552,rule_3,fall_hazard,level2_prompt,reworded_prompt,False,0.026448379034797354,0.996951274563791,False,
0004680,rule_1,ppe_violation,level1_image,blur,False,0.08087633909566794,0.0002088340539918179,False,
0004680,rule_1,ppe_violation,level1_image,low_light,False,0.04721263367340067,0.7647056073601276,False,
0004680,rule_1,ppe_violation,level1_image,occlude,False,0.0016994101764714609,0.865383874734461,False,
0004680,rule_1,ppe_violation,level1_image,contrast_shift,False,0.1038080344167509,0.37818086678526813,False,
0004680,rule_1,ppe_violation,level2_prompt,reworded_prompt,True,-0.09941589772043857,,False,
0004716,rule_1,ppe_violation,level1_image,blur,False,0.07674806731353911,0.0,False,
0004716,rule_1,ppe_violation,level1_image,low_light,False,0.018865513615310192,0.7407406622488278,False,
0004716,rule_1,ppe_violation,level1_image,occlude,False,0.0021945404421006565,1.0,False,
0004716,rule_1,ppe_violation,level1_image,contrast_shift,False,0.007892889369811362,1.0,False,
0004716,rule_1,ppe_violation,level2_prompt,reworded_prompt,False,-0.03193372928283433,0.10389598594011834,False,
0004831,rule_2,fall_hazard,level1_image,blur,False,-0.2414498451564993,0.0032620339584571428,False,
0004831,rule_2,fall_hazard,level1_image,low_light,False,-0.00018872074516756987,0.9827593061161493,False,
0004831,rule_2,fall_hazard,level1_image,occlude,False,-0.013236044240849287,0.00543490802217404,False,
0004831,rule_2,fall_hazard,level1_image,contrast_shift,False,-0.03187698325408356,0.9655186122322986,False,
0004831,rule_2,fall_hazard,level2_prompt,reworded_prompt,False,-0.14385310187935835,0.00543490802217404,False,
